bits,setting,transfer,signed_gap,trials,negative,zero,positive,input_range_exceeded,output_range_exceeded,analytic_negative,analytic_zero,analytic_positive,analytic_clipping_error_bound,analytic_check
4,no_noise,direct,-15,100000,100000,0,0,0,0,1.0,0.0,0.0,0.0,True
4,no_noise,ideal_sine,-15,100000,100000,0,0,0,0,1.0,0.0,0.0,0.0,True
4,no_noise,direct,-2,100000,100000,0,0,0,0,1.0,0.0,0.0,0.0,True
4,no_noise,ideal_sine,-2,100000,100000,0,0,0,0,1.0,0.0,0.0,0.0,True
4,no_noise,direct,-1,100000,100000,0,0,0,0,1.0,0.0,0.0,0.0,True
4,no_noise,ideal_sine,-1,100000,100000,0,0,0,0,1.0,0.0,0.0,0.0,True
4,no_noise,direct,0,100000,0,100000,0,0,0,0.0,1.0,0.0,0.0,True
4,no_noise,ideal_sine,0,100000,0,100000,0,0,0,0.0,1.0,0.0,0.0,True
4,no_noise,direct,1,100000,0,0,100000,0,0,0.0,0.0,1.0,0.0,True
4,no_noise,ideal_sine,1,100000,0,0,100000,0,0,0.0,0.0,1.0,0.0,True
4,no_noise,direct,2,100000,0,0,100000,0,0,0.0,0.0,1.0,0.0,True
4,no_noise,ideal_sine,2,100000,0,0,100000,0,0,0.0,0.0,1.0,0.0,True
4,no_noise,direct,15,100000,0,0,100000,0,0,0.0,0.0,1.0,0.0,True
4,no_noise,ideal_sine,15,100000,0,0,100000,0,0,0.0,0.0,1.0,0.0,True
4,prequantized_control,direct,-15,100000,100000,0,0,2,0,1.0,0.0,0.0,0.0,True
4,prequantized_control,ideal_sine,-15,100000,100000,0,0,2,0,1.0,0.0,0.0,0.0,True
4,prequantized_control,direct,-2,100000,100000,0,0,0,0,0.9999999990134123,9.865877004244718e-10,7.61985302416047e-24,0.0,True
4,prequantized_control,ideal_sine,-2,100000,100000,0,0,0,0,0.9999999990134123,9.865877004244718e-10,7.61985302416047e-24,0.0,True
4,prequantized_control,direct,-1,100000,97634,2366,0,0,0,0.9772498680518208,0.022750130961591564,9.865876450376946e-10,0.0,True
4,prequantized_control,ideal_sine,-1,100000,97634,2366,0,0,0,0.9772498680518208,0.022750130961591564,9.865876450376946e-10,0.0,True
4,prequantized_control,direct,0,100000,2332,95370,2298,0,0,0.022750131948179195,0.9544997361036416,0.022750131948179195,0.0,True
4,prequantized_control,ideal_sine,0,100000,2332,95370,2298,0,0,0.022750131948179195,0.9544997361036416,0.022750131948179195,0.0,True
4,prequantized_control,direct,1,100000,0,2310,97690,0,0,9.865876450376946e-10,0.022750130961591508,0.9772498680518208,0.0,True
4,prequantized_control,ideal_sine,1,100000,0,2310,97690,0,0,9.865876450376946e-10,0.022750130961591508,0.9772498680518208,0.0,True
4,prequantized_control,direct,2,100000,0,0,100000,0,0,7.61985302416047e-24,9.865877004244794e-10,0.9999999990134123,0.0,True
4,prequantized_control,ideal_sine,2,100000,0,0,100000,0,0,7.61985302416047e-24,9.865877004244794e-10,0.9999999990134123,0.0,True
4,prequantized_control,direct,15,100000,0,0,100000,3,0,0.0,0.0,1.0,0.0,True
4,prequantized_control,ideal_sine,15,100000,0,0,100000,3,0,0.0,0.0,1.0,0.0,True
4,upstream_only,direct,-15,100000,100000,0,0,5,0,1.0,0.0,0.0,0.0,True
4,upstream_only,ideal_sine,-15,100000,100000,0,0,5,0,1.0,0.0,0.0,0.0,True
4,upstream_only,direct,-2,100000,100000,0,0,0,0,0.9999999990134123,9.865877004244718e-10,7.61985302416047e-24,0.0,True
4,upstream_only,ideal_sine,-2,100000,100000,0,0,0,0,0.9999999990085152,9.914847831637909e-10,7.558231708577449e-24,0.0,True
4,upstream_only,direct,-1,100000,97822,2178,0,0,0,0.9772498680518208,0.022750130961591564,9.865876450376946e-10,0.0,True
4,upstream_only,ideal_sine,-1,100000,97816,2184,0,0,0,0.9772064210138073,0.0227935780044787,9.817140208384822e-10,0.0,True
4,upstream_only,direct,0,100000,2241,95448,2311,0,0,0.022750131948179195,0.9544997361036416,0.022750131948179195,0.0,True
4,upstream_only,ideal_sine,0,100000,2237,95456,2307,0,0,0.022706754722291878,0.9545864905554162,0.022706754722291878,0.0,True
4,upstream_only,direct,1,100000,0,2286,97714,0,0,9.865876450376946e-10,0.022750130961591508,0.9772498680518208,0.0,True
4,upstream_only,ideal_sine,1,100000,0,2292,97708,0,0,9.817140208384822e-10,0.022793578004478676,0.9772064210138073,0.0,True
4,upstream_only,direct,2,100000,0,0,100000,0,0,7.61985302416047e-24,9.865877004244794e-10,0.9999999990134123,0.0,True
4,upstream_only,ideal_sine,2,100000,0,0,100000,0,0,7.558231708577449e-24,9.914847831637985e-10,0.9999999990085152,0.0,True
4,upstream_only,direct,15,100000,0,0,100000,0,0,0.0,0.0,1.0,0.0,True
4,upstream_only,ideal_sine,15,100000,0,0,100000,0,0,0.0,0.0,1.0,0.0,True
4,readout_only,direct,-15,100000,100000,0,0,0,7,1.0,0.0,0.0,0.0,True
4,readout_only,ideal_sine,-15,100000,100000,0,0,0,0,1.0,0.0,0.0,0.0,True
4,readout_only,direct,-2,100000,100000,0,0,0,0,0.9999999990134123,9.865877004244718e-10,7.61985302416047e-24,0.0,True
4,readout_only,ideal_sine,-2,100000,100000,0,0,0,0,0.9999999986485547,1.3514452890106426e-09,1.277561201412081e-23,0.0,True
4,readout_only,direct,-1,100000,97734,2266,0,0,0,0.9772498680518208,0.022750130961591564,9.865876450376946e-10,0.0,True
4,readout_only,ideal_sine,-1,100000,97703,2297,0,0,0,0.9769008808087506,0.023099118164878522,1.0263708856791696e-09,0.0,True
4,readout_only,direct,0,100000,2315,95441,2244,0,0,0.022750131948179195,0.9544997361036416,0.022750131948179195,0.0,True
4,readout_only,ideal_sine,0,100000,2315,95441,2244,0,0,0.022750131948179195,0.9544997361036416,0.022750131948179195,0.0,True
4,readout_only,direct,1,100000,0,2248,97752,0,0,9.865876450376946e-10,0.022750130961591508,0.9772498680518208,0.0,True
4,readout_only,ideal_sine,1,100000,0,2284,97716,0,0,1.0263708856791696e-09,0.02309911816487853,0.9769008808087506,0.0,True
4,readout_only,direct,2,100000,0,0,100000,0,0,7.61985302416047e-24,9.865877004244794e-10,0.9999999990134123,0.0,True
4,readout_only,ideal_sine,2,100000,0,0,100000,0,0,1.277561201412081e-23,1.3514452890106554e-09,0.9999999986485547,0.0,True
4,readout_only,direct,15,100000,0,0,100000,0,1,0.0,0.0,1.0,0.0,True
4,readout_only,ideal_sine,15,100000,0,0,100000,0,0,0.0,0.0,1.0,0.0,True
4,combined,direct,-15,100000,100000,0,0,5,249,1.0,0.0,0.0,3.167124183311986e-05,True
4,combined,ideal_sine,-15,100000,100000,0,0,5,0,,,,,
4,combined,direct,-2,100000,99999,1,0,0,0,0.9999889547515007,1.1045247730534129e-05,7.687298972140174e-13,0.0,True
4,combined,ideal_sine,-2,100000,99999,1,0,0,0,,,,,
4,combined,direct,-1,100000,92229,7769,2,0,0,0.9213503964748574,0.07863855827664332,1.1045248499292722e-05,0.0,True
4,combined,ideal_sine,-1,100000,92205,7793,2,0,0,,,,,
4,combined,direct,0,100000,7834,84394,7772,0,0,0.07864960352514258,0.8427007929497148,0.07864960352514258,0.0,True
4,combined,ideal_sine,0,100000,7832,84400,7768,0,0,,,,,
4,combined,direct,1,100000,1,7978,92021,0,0,1.1045248499292722e-05,0.07863855827664334,0.9213503964748574,0.0,True
4,combined,ideal_sine,1,100000,1,7999,92000,0,0,,,,,
4,combined,direct,2,100000,0,4,99996,0,0,7.687298972140174e-13,1.1045247730545604e-05,0.9999889547515007,0.0,True
4,combined,ideal_sine,2,100000,0,4,99996,0,0,,,,,
4,combined,direct,15,100000,0,0,100000,2,250,0.0,0.0,1.0,3.167124183311986e-05,True
4,combined,ideal_sine,15,100000,0,0,100000,2,0,,,,,
4,fine_output,direct,-15,100000,100000,0,0,1,218,1.0,0.0,0.0,3.167124183311986e-05,True
4,fine_output,ideal_sine,-15,100000,100000,0,0,1,0,,,,,
4,fine_output,direct,-2,100000,100000,0,0,0,0,0.9999996284508138,3.714508781734529e-07,9.830802207714439e-11,0.0,True
4,fine_output,ideal_sine,-2,100000,100000,0,0,0,0,,,,,
4,fine_output,direct,-1,100000,98390,1589,21,0,0,0.9830525732376554,0.01674395075362214,0.00020347600872247943,0.0,True
4,fine_output,ideal_sine,-1,100000,98382,1597,21,0,0,,,,,
4,fine_output,direct,0,100000,23895,52249,23856,0,0,0.23975006109347674,0.5204998778130465,0.23975006109347674,0.0,True
4,fine_output,ideal_sine,0,100000,23890,52255,23855,0,0,,,,,
4,fine_output,direct,1,100000,25,1691,98284,0,0,0.00020347600872247943,0.016743950753622117,0.9830525732376554,0.0,True
4,fine_output,ideal_sine,1,100000,25,1695,98280,0,0,,,,,
4,fine_output,direct,2,100000,0,0,100000,0,0,9.830802207714439e-11,3.714508781671455e-07,0.9999996284508138,0.0,True
4,fine_output,ideal_sine,2,100000,0,0,100000,0,0,,,,,
4,fine_output,direct,15,100000,0,0,100000,4,227,0.0,0.0,1.0,3.167124183311986e-05,True
4,fine_output,ideal_sine,15,100000,0,0,100000,4,0,,,,,
4,coarse_output,direct,-15,100000,100000,0,0,2,232,1.0,0.0,0.0,3.167124183311986e-05,True
4,coarse_output,ideal_sine,-15,100000,100000,0,0,2,0,,,,,
4,coarse_output,direct,-2,100000,99772,228,0,0,0,0.9976611325094764,0.0023388674905235776,1.0759868356249456e-17,0.0,True
4,coarse_output,ideal_sine,-2,100000,99756,244,0,0,0,,,,,
4,coarse_output,direct,-1,100000,50262,49738,0,0,0,0.5,0.49999999229137104,7.70862895014001e-09,0.0,True
4,coarse_output,ideal_sine,-1,100000,50064,49936,0,0,0,,,,,
4,coarse_output,direct,0,100000,234,99552,214,0,0,0.002338867490523633,0.9953222650189528,0.002338867490523633,0.0,True
4,coarse_output,ideal_sine,0,100000,233,99554,213,0,0,,,,,
4,coarse_output,direct,1,100000,0,49886,50114,0,0,7.70862895014001e-09,0.49999999229137104,0.5,0.0,True
4,coarse_output,ideal_sine,1,100000,0,50071,49929,0,0,,,,,
4,coarse_output,direct,2,100000,0,236,99764,0,0,1.0759868356249456e-17,0.0023388674905235884,0.9976611325094764,0.0,True
4,coarse_output,ideal_sine,2,100000,0,243,99757,0,0,,,,,
4,coarse_output,direct,15,100000,0,0,100000,4,243,0.0,0.0,1.0,3.167124183311986e-05,True
4,coarse_output,ideal_sine,15,100000,0,0,100000,4,0,,,,,
4,no_output_quantizer,direct,-15,100000,100000,0,0,0,1,1.0,0.0,0.0,0.0,True
4,no_output_quantizer,ideal_sine,-15,100000,100000,0,0,0,0,1.0,0.0,0.0,0.0,True
4,no_output_quantizer,direct,-2,100000,100000,0,0,0,0,0.9999999999999993,4.4037757347919876e-17,6.22096057427174e-16,0.0,True
4,no_output_quantizer,ideal_sine,-2,100000,100000,0,0,0,0,0.9999999999999991,0.0,9.424337934331285e-16,0.0,True
4,no_output_quantizer,direct,-1,100000,99998,0,2,0,0,0.9999683287581669,1.1519648082658485e-19,3.167124183311986e-05,0.0,True
4,no_output_quantizer,ideal_sine,-1,100000,99998,0,2,0,0,0.9999674581137233,2.359494977871579e-17,3.254188627663662e-05,0.0,True
4,no_output_quantizer,direct,0,100000,49913,0,50087,0,0,0.5,0.0,0.5,0.0,True
4,no_output_quantizer,ideal_sine,0,100000,49913,0,50087,0,0,0.5,0.0,0.5,0.0,True
4,no_output_quantizer,direct,1,100000,2,0,99998,0,0,3.167124183311986e-05,0.0,0.9999683287581669,0.0,True
4,no_output_quantizer,ideal_sine,1,100000,2,0,99998,0,0,3.254188627663662e-05,0.0,0.9999674581137233,0.0,True
4,no_output_quantizer,direct,2,100000,0,0,100000,0,0,6.22096057427174e-16,0.0,0.9999999999999993,0.0,True
4,no_output_quantizer,ideal_sine,2,100000,0,0,100000,0,0,9.424337934331285e-16,0.0,0.9999999999999991,0.0,True
4,no_output_quantizer,direct,15,100000,0,0,100000,0,4,0.0,0.0,1.0,0.0,True
4,no_output_quantizer,ideal_sine,15,100000,0,0,100000,0,0,0.0,0.0,1.0,0.0,True
4,positive_offset,direct,-15,100000,100000,0,0,1,17,,,,,
4,positive_offset,ideal_sine,-15,100000,100000,0,0,1,0,,,,,
4,positive_offset,direct,-2,100000,99976,24,0,0,0,,,,,
4,positive_offset,ideal_sine,-2,100000,99973,27,0,0,0,,,,,
4,positive_offset,direct,-1,100000,75659,24315,26,0,0,,,,,
4,positive_offset,ideal_sine,-1,100000,75549,24425,26,0,0,,,,,
4,positive_offset,direct,0,100000,1626,74181,24193,0,0,,,,,
4,positive_offset,ideal_sine,0,100000,1626,74182,24192,0,0,,,,,
4,positive_offset,direct,1,100000,0,1732,98268,0,0,,,,,
4,positive_offset,ideal_sine,1,100000,0,1740,98260,0,0,,,,,
4,positive_offset,direct,2,100000,0,0,100000,0,0,,,,,
4,positive_offset,ideal_sine,2,100000,0,0,100000,0,0,,,,,
4,positive_offset,direct,15,100000,0,0,100000,6,1727,,,,,
4,positive_offset,ideal_sine,15,100000,0,0,100000,6,0,,,,,
4,negative_offset,direct,-15,100000,100000,0,0,4,1666,,,,,
4,negative_offset,ideal_sine,-15,100000,100000,0,0,4,0,,,,,
4,negative_offset,direct,-2,100000,100000,0,0,0,0,,,,,
4,negative_offset,ideal_sine,-2,100000,100000,0,0,0,0,,,,,
4,negative_offset,direct,-1,100000,98261,1739,0,0,0,,,,,
4,negative_offset,ideal_sine,-1,100000,98253,1747,0,0,0,,,,,
4,negative_offset,direct,0,100000,24114,74231,1655,0,0,,,,,
4,negative_offset,ideal_sine,0,100000,24113,74234,1653,0,0,,,,,
4,negative_offset,direct,1,100000,17,23888,76095,0,0,,,,,
4,negative_offset,ideal_sine,1,100000,17,23985,75998,0,0,,,,,
4,negative_offset,direct,2,100000,0,13,99987,0,0,,,,,
4,negative_offset,ideal_sine,2,100000,0,15,99985,0,0,,,,,
4,negative_offset,direct,15,100000,0,0,100000,1,26,,,,,
4,negative_offset,ideal_sine,15,100000,0,0,100000,1,0,,,,,
8,no_noise,direct,-255,100000,100000,0,0,0,0,1.0,0.0,0.0,0.0,True
8,no_noise,ideal_sine,-255,100000,100000,0,0,0,0,1.0,0.0,0.0,0.0,True
8,no_noise,direct,-2,100000,100000,0,0,0,0,1.0,0.0,0.0,0.0,True
8,no_noise,ideal_sine,-2,100000,100000,0,0,0,0,1.0,0.0,0.0,0.0,True
8,no_noise,direct,-1,100000,100000,0,0,0,0,1.0,0.0,0.0,0.0,True
8,no_noise,ideal_sine,-1,100000,100000,0,0,0,0,1.0,0.0,0.0,0.0,True
8,no_noise,direct,0,100000,0,100000,0,0,0,0.0,1.0,0.0,0.0,True
8,no_noise,ideal_sine,0,100000,0,100000,0,0,0,0.0,1.0,0.0,0.0,True
8,no_noise,direct,1,100000,0,0,100000,0,0,0.0,0.0,1.0,0.0,True
8,no_noise,ideal_sine,1,100000,0,0,100000,0,0,0.0,0.0,1.0,0.0,True
8,no_noise,direct,2,100000,0,0,100000,0,0,0.0,0.0,1.0,0.0,True
8,no_noise,ideal_sine,2,100000,0,0,100000,0,0,0.0,0.0,1.0,0.0,True
8,no_noise,direct,255,100000,0,0,100000,0,0,0.0,0.0,1.0,0.0,True
8,no_noise,ideal_sine,255,100000,0,0,100000,0,0,0.0,0.0,1.0,0.0,True
8,prequantized_control,direct,-255,100000,100000,0,0,6,0,1.0,0.0,0.0,0.0,True
8,prequantized_control,ideal_sine,-255,100000,100000,0,0,6,0,1.0,0.0,0.0,0.0,True
8,prequantized_control,direct,-2,100000,100000,0,0,0,0,0.9999999990134123,9.865877004244718e-10,7.61985302416047e-24,0.0,True
8,prequantized_control,ideal_sine,-2,100000,100000,0,0,0,0,0.9999999990134123,9.865877004244718e-10,7.61985302416047e-24,0.0,True
8,prequantized_control,direct,-1,100000,97797,2203,0,0,0,0.9772498680518208,0.022750130961591564,9.865876450376946e-10,0.0,True
8,prequantized_control,ideal_sine,-1,100000,97797,2203,0,0,0,0.9772498680518208,0.022750130961591564,9.865876450376946e-10,0.0,True
8,prequantized_control,direct,0,100000,2261,95466,2273,0,0,0.022750131948179195,0.9544997361036416,0.022750131948179195,0.0,True
8,prequantized_control,ideal_sine,0,100000,2261,95466,2273,0,0,0.022750131948179195,0.9544997361036416,0.022750131948179195,0.0,True
8,prequantized_control,direct,1,100000,0,2347,97653,0,0,9.865876450376946e-10,0.022750130961591508,0.9772498680518208,0.0,True
8,prequantized_control,ideal_sine,1,100000,0,2347,97653,0,0,9.865876450376946e-10,0.022750130961591508,0.9772498680518208,0.0,True
8,prequantized_control,direct,2,100000,0,0,100000,0,0,7.61985302416047e-24,9.865877004244794e-10,0.9999999990134123,0.0,True
8,prequantized_control,ideal_sine,2,100000,0,0,100000,0,0,7.61985302416047e-24,9.865877004244794e-10,0.9999999990134123,0.0,True
8,prequantized_control,direct,255,100000,0,0,100000,1,0,0.0,0.0,1.0,0.0,True
8,prequantized_control,ideal_sine,255,100000,0,0,100000,1,0,0.0,0.0,1.0,0.0,True
8,upstream_only,direct,-255,100000,100000,0,0,3,0,1.0,0.0,0.0,0.0,True
8,upstream_only,ideal_sine,-255,100000,100000,0,0,3,0,1.0,0.0,0.0,0.0,True
8,upstream_only,direct,-2,100000,100000,0,0,0,0,0.9999999990134123,9.865877004244718e-10,7.61985302416047e-24,0.0,True
8,upstream_only,ideal_sine,-2,100000,100000,0,0,0,0,0.9999999990133933,9.866066852381928e-10,7.619611611759995e-24,0.0,True
8,upstream_only,direct,-1,100000,97704,2296,0,0,0,0.9772498680518208,0.022750130961591564,9.865876450376946e-10,0.0,True
8,upstream_only,ideal_sine,-1,100000,97704,2296,0,0,0,0.9772496986559259,0.02275030035750549,9.865685822803059e-10,0.0,True
8,upstream_only,direct,0,100000,2325,95488,2187,0,0,0.022750131948179195,0.9544997361036416,0.022750131948179195,0.0,True
8,upstream_only,ideal_sine,0,100000,2325,95488,2187,0,0,0.02274996255334725,0.9545000748933055,0.02274996255334725,0.0,True
8,upstream_only,direct,1,100000,0,2248,97752,0,0,9.865876450376946e-10,0.022750130961591508,0.9772498680518208,0.0,True
8,upstream_only,ideal_sine,1,100000,0,2248,97752,0,0,9.865685822803059e-10,0.02275030035750547,0.9772496986559259,0.0,True
8,upstream_only,direct,2,100000,0,0,100000,0,0,7.61985302416047e-24,9.865877004244794e-10,0.9999999990134123,0.0,True
8,upstream_only,ideal_sine,2,100000,0,0,100000,0,0,7.619611611759995e-24,9.866066852382005e-10,0.9999999990133933,0.0,True
8,upstream_only,direct,255,100000,0,0,100000,2,0,0.0,0.0,1.0,0.0,True
8,upstream_only,ideal_sine,255,100000,0,0,100000,2,0,0.0,0.0,1.0,0.0,True
8,readout_only,direct,-255,100000,100000,0,0,0,4,1.0,0.0,0.0,0.0,True
8,readout_only,ideal_sine,-255,100000,100000,0,0,0,0,1.0,0.0,0.0,0.0,True
8,readout_only,direct,-2,100000,100000,0,0,0,0,0.9999999990134123,9.865877004244718e-10,7.61985302416047e-24,0.0,True
8,readout_only,ideal_sine,-2,100000,100000,0,0,0,0,0.9999999990121916,9.878083906400471e-10,7.635319000629172e-24,0.0,True
8,readout_only,direct,-1,100000,97637,2363,0,0,0,0.9772498680518208,0.022750130961591564,9.865876450376946e-10,0.0,True
8,readout_only,ideal_sine,-1,100000,97637,2363,0,0,0,0.9772485128631901,0.022751486150069698,9.867401590830568e-10,0.0,True
8,readout_only,direct,0,100000,2355,95298,2347,0,0,0.022750131948179195,0.9544997361036416,0.022750131948179195,0.0,True
8,readout_only,ideal_sine,0,100000,2355,95298,2347,0,0,0.022750131948179195,0.9544997361036416,0.022750131948179195,0.0,True
8,readout_only,direct,1,100000,0,2270,97730,0,0,9.865876450376946e-10,0.022750130961591508,0.9772498680518208,0.0,True
8,readout_only,ideal_sine,1,100000,0,2270,97730,0,0,9.867401590830568e-10,0.022751486150069722,0.9772485128631901,0.0,True
8,readout_only,direct,2,100000,0,0,100000,0,0,7.61985302416047e-24,9.865877004244794e-10,0.9999999990134123,0.0,True
8,readout_only,ideal_sine,2,100000,0,0,100000,0,0,7.635319000629172e-24,9.878083906400548e-10,0.9999999990121916,0.0,True
8,readout_only,direct,255,100000,0,0,100000,0,3,0.0,0.0,1.0,0.0,True
8,readout_only,ideal_sine,255,100000,0,0,100000,0,0,0.0,0.0,1.0,0.0,True
8,combined,direct,-255,100000,100000,0,0,2,217,1.0,0.0,0.0,3.167124183311986e-05,True
8,combined,ideal_sine,-255,100000,100000,0,0,2,0,,,,,
8,combined,direct,-2,100000,99999,1,0,0,0,0.9999889547515007,1.1045247730534129e-05,7.687298972140174e-13,0.0,True
8,combined,ideal_sine,-2,100000,99999,1,0,0,0,,,,,
8,combined,direct,-1,100000,92123,7875,2,0,0,0.9213503964748574,0.07863855827664332,1.1045248499292722e-05,0.0,True
8,combined,ideal_sine,-1,100000,92122,7876,2,0,0,,,,,
8,combined,direct,0,100000,7914,84306,7780,0,0,0.07864960352514258,0.8427007929497148,0.07864960352514258,0.0,True
8,combined,ideal_sine,0,100000,7914,84306,7780,0,0,,,,,
8,combined,direct,1,100000,1,7832,92167,0,0,1.1045248499292722e-05,0.07863855827664334,0.9213503964748574,0.0,True
8,combined,ideal_sine,1,100000,1,7832,92167,0,0,,,,,
8,combined,direct,2,100000,0,3,99997,0,0,7.687298972140174e-13,1.1045247730545604e-05,0.9999889547515007,0.0,True
8,combined,ideal_sine,2,100000,0,3,99997,0,0,,,,,
8,combined,direct,255,100000,0,0,100000,2,247,0.0,0.0,1.0,3.167124183311986e-05,True
8,combined,ideal_sine,255,100000,0,0,100000,2,0,,,,,
8,fine_output,direct,-255,100000,100000,0,0,2,236,1.0,0.0,0.0,3.167124183311986e-05,True
8,fine_output,ideal_sine,-255,100000,100000,0,0,2,0,,,,,
8,fine_output,direct,-2,100000,100000,0,0,0,0,0.9999996284508138,3.714508781734529e-07,9.830802207714439e-11,0.0,True
8,fine_output,ideal_sine,-2,100000,100000,0,0,0,0,,,,,
8,fine_output,direct,-1,100000,98338,1644,18,0,0,0.9830525732376554,0.01674395075362214,0.00020347600872247943,0.0,True
8,fine_output,ideal_sine,-1,100000,98338,1644,18,0,0,,,,,
8,fine_output,direct,0,100000,23770,52289,23941,0,0,0.23975006109347674,0.5204998778130465,0.23975006109347674,0.0,True
8,fine_output,ideal_sine,0,100000,23770,52289,23941,0,0,,,,,
8,fine_output,direct,1,100000,34,1604,98362,0,0,0.00020347600872247943,0.016743950753622117,0.9830525732376554,0.0,True
8,fine_output,ideal_sine,1,100000,34,1604,98362,0,0,,,,,
8,fine_output,direct,2,100000,0,0,100000,0,0,9.830802207714439e-11,3.714508781671455e-07,0.9999996284508138,0.0,True
8,fine_output,ideal_sine,2,100000,0,0,100000,0,0,,,,,
8,fine_output,direct,255,100000,0,0,100000,5,220,0.0,0.0,1.0,3.167124183311986e-05,True
8,fine_output,ideal_sine,255,100000,0,0,100000,5,0,,,,,
8,coarse_output,direct,-255,100000,100000,0,0,1,235,1.0,0.0,0.0,3.167124183311986e-05,True
8,coarse_output,ideal_sine,-255,100000,100000,0,0,1,0,,,,,
8,coarse_output,direct,-2,100000,99791,209,0,0,0,0.9976611325094764,0.0023388674905235776,1.0759868356249456e-17,0.0,True
8,coarse_output,ideal_sine,-2,100000,99791,209,0,0,0,,,,,
8,coarse_output,direct,-1,100000,50064,49936,0,0,0,0.5,0.49999999229137104,7.70862895014001e-09,0.0,True
8,coarse_output,ideal_sine,-1,100000,50064,49936,0,0,0,,,,,
8,coarse_output,direct,0,100000,221,99518,261,0,0,0.002338867490523633,0.9953222650189528,0.002338867490523633,0.0,True
8,coarse_output,ideal_sine,0,100000,221,99518,261,0,0,,,,,
8,coarse_output,direct,1,100000,0,50102,49898,0,0,7.70862895014001e-09,0.49999999229137104,0.5,0.0,True
8,coarse_output,ideal_sine,1,100000,0,50102,49898,0,0,,,,,
8,coarse_output,direct,2,100000,0,208,99792,0,0,1.0759868356249456e-17,0.0023388674905235884,0.9976611325094764,0.0,True
8,coarse_output,ideal_sine,2,100000,0,208,99792,0,0,,,,,
8,coarse_output,direct,255,100000,0,0,100000,4,212,0.0,0.0,1.0,3.167124183311986e-05,True
8,coarse_output,ideal_sine,255,100000,0,0,100000,4,0,,,,,
8,no_output_quantizer,direct,-255,100000,100000,0,0,0,3,1.0,0.0,0.0,0.0,True
8,no_output_quantizer,ideal_sine,-255,100000,100000,0,0,0,0,1.0,0.0,0.0,0.0,True
8,no_output_quantizer,direct,-2,100000,100000,0,0,0,0,0.9999999999999993,4.4037757347919876e-17,6.22096057427174e-16,0.0,True
8,no_output_quantizer,ideal_sine,-2,100000,100000,0,0,0,0,0.9999999999999993,4.3022465758781744e-17,6.231113490163122e-16,0.0,True
8,no_output_quantizer,direct,-1,100000,99997,0,3,0,0,0.9999683287581669,1.1519648082658485e-19,3.167124183311986e-05,0.0,True
8,no_output_quantizer,ideal_sine,-1,100000,99997,0,3,0,0,0.9999683253989058,7.304812137121086e-18,3.167460109420419e-05,0.0,True
8,no_output_quantizer,direct,0,100000,49733,0,50267,0,0,0.5,0.0,0.5,0.0,True
8,no_output_quantizer,ideal_sine,0,100000,49733,0,50267,0,0,0.5,0.0,0.5,0.0,True
8,no_output_quantizer,direct,1,100000,4,0,99996,0,0,3.167124183311986e-05,0.0,0.9999683287581669,0.0,True
8,no_output_quantizer,ideal_sine,1,100000,4,0,99996,0,0,3.167460109420419e-05,0.0,0.9999683253989058,0.0,True
8,no_output_quantizer,direct,2,100000,0,0,100000,0,0,6.22096057427174e-16,0.0,0.9999999999999993,0.0,True
8,no_output_quantizer,ideal_sine,2,100000,0,0,100000,0,0,6.231113490163122e-16,0.0,0.9999999999999993,0.0,True
8,no_output_quantizer,direct,255,100000,0,0,100000,0,4,0.0,0.0,1.0,0.0,True
8,no_output_quantizer,ideal_sine,255,100000,0,0,100000,0,0,0.0,0.0,1.0,0.0,True
8,positive_offset,direct,-255,100000,100000,0,0,1,20,,,,,
8,positive_offset,ideal_sine,-255,100000,100000,0,0,1,0,,,,,
8,positive_offset,direct,-2,100000,99981,19,0,0,0,,,,,
8,positive_offset,ideal_sine,-2,100000,99981,19,0,0,0,,,,,
8,positive_offset,direct,-1,100000,75862,24106,32,0,0,,,,,
8,positive_offset,ideal_sine,-1,100000,75862,24106,32,0,0,,,,,
8,positive_offset,direct,0,100000,1695,74488,23817,0,0,,,,,
8,positive_offset,ideal_sine,0,100000,1695,74488,23817,0,0,,,,,
8,positive_offset,direct,1,100000,0,1744,98256,0,0,,,,,
8,positive_offset,ideal_sine,1,100000,0,1744,98256,0,0,,,,,
8,positive_offset,direct,2,100000,0,0,100000,0,0,,,,,
8,positive_offset,ideal_sine,2,100000,0,0,100000,0,0,,,,,
8,positive_offset,direct,255,100000,0,0,100000,1,1814,,,,,
8,positive_offset,ideal_sine,255,100000,0,0,100000,1,0,,,,,
8,negative_offset,direct,-255,100000,100000,0,0,2,1679,,,,,
8,negative_offset,ideal_sine,-255,100000,100000,0,0,2,0,,,,,
8,negative_offset,direct,-2,100000,100000,0,0,0,0,,,,,
8,negative_offset,ideal_sine,-2,100000,100000,0,0,0,0,,,,,
8,negative_offset,direct,-1,100000,98295,1705,0,0,0,,,,,
8,negative_offset,ideal_sine,-1,100000,98295,1705,0,0,0,,,,,
8,negative_offset,direct,0,100000,23898,74404,1698,0,0,,,,,
8,negative_offset,ideal_sine,0,100000,23898,74404,1698,0,0,,,,,
8,negative_offset,direct,1,100000,24,23926,76050,0,0,,,,,
8,negative_offset,ideal_sine,1,100000,24,23926,76050,0,0,,,,,
8,negative_offset,direct,2,100000,0,21,99979,0,0,,,,,
8,negative_offset,ideal_sine,2,100000,0,21,99979,0,0,,,,,
8,negative_offset,direct,255,100000,0,0,100000,2,21,,,,,
8,negative_offset,ideal_sine,255,100000,0,0,100000,2,0,,,,,
