dataset,bits,n,setting,transfer,mapping,trials,valid,correct,stable,tau_b_defined,tau_b_mean_valid,tau_key_mean_valid,recall_k,recall_tie_neutral_mean_valid,recall_tie_neutral_mean_all_invalid_zero,inversions_gap1,pairs_gap1_valid,inversions_gap2,pairs_gap2_valid,inversions_gap3plus,pairs_gap3plus_valid,comparisons,input_range_exceeded,output_range_exceeded
b4_n16_distinct,4,16,no_noise,direct,bitonic,100,100,100,100,100,1.0,1.0,10,1.0,1.0,0,1500,0,1400,0,9100,8000,0,0
b4_n16_distinct,4,16,no_noise,ideal_sine,bitonic,100,100,100,100,100,1.0,1.0,10,1.0,1.0,0,1500,0,1400,0,9100,8000,0,0
b4_n16_distinct,4,16,no_noise,direct,rank,100,100,100,100,100,1.0,1.0,10,1.0,1.0,0,1500,0,1400,0,9100,12000,0,0
b4_n16_distinct,4,16,no_noise,ideal_sine,rank,100,100,100,100,100,1.0,1.0,10,1.0,1.0,0,1500,0,1400,0,9100,12000,0,0
b4_n16_distinct,4,16,prequantized_control,direct,bitonic,100,100,90,90,100,0.9980000000000001,0.9980000000000001,10,0.9990000000000001,0.9990000000000001,12,1500,0,1400,0,9100,8000,0,0
b4_n16_distinct,4,16,prequantized_control,ideal_sine,bitonic,100,100,90,90,100,0.9980000000000001,0.9980000000000001,10,0.9990000000000001,0.9990000000000001,12,1500,0,1400,0,9100,8000,0,0
b4_n16_distinct,4,16,prequantized_control,direct,rank,100,100,85,85,100,0.9973333333333333,0.9973333333333333,10,0.9990000000000001,0.9990000000000001,16,1500,0,1400,0,9100,12000,0,0
b4_n16_distinct,4,16,prequantized_control,ideal_sine,rank,100,100,85,85,100,0.9973333333333333,0.9973333333333333,10,0.9990000000000001,0.9990000000000001,16,1500,0,1400,0,9100,12000,0,0
b4_n16_distinct,4,16,upstream_only,direct,bitonic,100,100,90,90,100,0.9980000000000001,0.9980000000000001,10,0.9990000000000001,0.9990000000000001,12,1500,0,1400,0,9100,8000,0,0
b4_n16_distinct,4,16,upstream_only,ideal_sine,bitonic,100,100,90,90,100,0.9980000000000001,0.9980000000000001,10,0.9990000000000001,0.9990000000000001,12,1500,0,1400,0,9100,8000,0,0
b4_n16_distinct,4,16,upstream_only,direct,rank,100,100,85,85,100,0.9973333333333333,0.9973333333333333,10,0.9990000000000001,0.9990000000000001,16,1500,0,1400,0,9100,12000,0,0
b4_n16_distinct,4,16,upstream_only,ideal_sine,rank,100,100,85,85,100,0.9973333333333333,0.9973333333333333,10,0.9990000000000001,0.9990000000000001,16,1500,0,1400,0,9100,12000,0,0
b4_n16_distinct,4,16,combined,direct,bitonic,100,100,64,64,100,0.9916666666666666,0.9916666666666666,10,0.9969999999999999,0.9969999999999999,50,1500,0,1400,0,9100,8000,0,0
b4_n16_distinct,4,16,combined,ideal_sine,bitonic,100,100,64,64,100,0.9916666666666666,0.9916666666666666,10,0.9969999999999999,0.9969999999999999,50,1500,0,1400,0,9100,8000,0,0
b4_n16_distinct,4,16,combined,direct,rank,100,100,45,45,100,0.9898333333333333,0.9898333333333333,10,0.998,0.998,61,1500,0,1400,0,9100,12000,0,0
b4_n16_distinct,4,16,combined,ideal_sine,rank,100,100,45,45,100,0.9898333333333333,0.9898333333333333,10,0.998,0.998,61,1500,0,1400,0,9100,12000,0,0
b4_n16_distinct,4,16,coarse_output,direct,bitonic,100,100,1,1,100,0.9413333333333334,0.9413333333333334,10,0.9790000000000001,0.9790000000000001,324,1500,26,1400,2,9100,8000,0,0
b4_n16_distinct,4,16,coarse_output,ideal_sine,bitonic,100,100,1,1,100,0.9411666666666667,0.9411666666666667,10,0.9790000000000002,0.9790000000000002,324,1500,27,1400,2,9100,8000,0,0
b4_n16_distinct,4,16,coarse_output,direct,rank,100,57,0,0,57,0.9441520467836257,0.9441520467836257,10,0.9789473684210527,0.558,190,855,1,798,0,5187,12000,0,0
b4_n16_distinct,4,16,coarse_output,ideal_sine,rank,100,56,0,0,56,0.943154761904762,0.943154761904762,10,0.9785714285714286,0.548,190,840,1,784,0,5096,12000,0,0
b4_n16_distinct,4,16,positive_offset,direct,bitonic,100,100,39,39,100,0.9854999999999999,0.9854999999999999,10,0.998,0.998,86,1500,1,1400,0,9100,8000,0,2
b4_n16_distinct,4,16,positive_offset,ideal_sine,bitonic,100,100,39,39,100,0.9854999999999999,0.9854999999999999,10,0.998,0.998,86,1500,1,1400,0,9100,8000,0,0
b4_n16_distinct,4,16,positive_offset,direct,rank,100,100,88,88,100,0.9980000000000001,0.9980000000000001,10,1.0,1.0,12,1500,0,1400,0,9100,12000,0,1
b4_n16_distinct,4,16,positive_offset,ideal_sine,rank,100,100,88,88,100,0.9980000000000001,0.9980000000000001,10,1.0,1.0,12,1500,0,1400,0,9100,12000,0,0
b4_n16_duplicates_allowed,4,16,no_noise,direct,bitonic,100,100,100,100,100,0.967537677997709,1.0,10,1.0,1.0,0,1466,0,1316,0,8454,8000,0,0
b4_n16_duplicates_allowed,4,16,no_noise,ideal_sine,bitonic,100,100,100,100,100,0.967537677997709,1.0,10,1.0,1.0,0,1466,0,1316,0,8454,8000,0,0
b4_n16_duplicates_allowed,4,16,no_noise,direct,rank,100,100,100,100,100,0.967537677997709,1.0,10,1.0,1.0,0,1466,0,1316,0,8454,12000,0,0
b4_n16_duplicates_allowed,4,16,no_noise,ideal_sine,rank,100,100,100,100,100,0.967537677997709,1.0,10,1.0,1.0,0,1466,0,1316,0,8454,12000,0,0
b4_n16_duplicates_allowed,4,16,prequantized_control,direct,bitonic,100,100,90,74,100,0.9656394749607258,0.9980342613077096,10,0.9990000000000001,0.9990000000000001,11,1466,0,1316,0,8454,8000,0,0
b4_n16_duplicates_allowed,4,16,prequantized_control,ideal_sine,bitonic,100,100,90,74,100,0.9656394749607258,0.9980342613077096,10,0.9990000000000001,0.9990000000000001,11,1466,0,1316,0,8454,8000,0,0
b4_n16_duplicates_allowed,4,16,prequantized_control,direct,rank,100,87,75,65,87,0.9666893147892307,0.9971713413306189,10,1.0,0.87,14,1284,0,1145,0,7384,12000,0,0
b4_n16_duplicates_allowed,4,16,prequantized_control,ideal_sine,rank,100,87,75,65,87,0.9666893147892307,0.9971713413306189,10,1.0,0.87,14,1284,0,1145,0,7384,12000,0,0
b4_n16_duplicates_allowed,4,16,upstream_only,direct,bitonic,100,100,90,74,100,0.9656394749607258,0.9980342613077096,10,0.9990000000000001,0.9990000000000001,11,1466,0,1316,0,8454,8000,0,0
b4_n16_duplicates_allowed,4,16,upstream_only,ideal_sine,bitonic,100,100,90,74,100,0.9656394749607258,0.9980342613077096,10,0.9990000000000001,0.9990000000000001,11,1466,0,1316,0,8454,8000,0,0
b4_n16_duplicates_allowed,4,16,upstream_only,direct,rank,100,87,75,65,87,0.9666893147892307,0.9971713413306189,10,1.0,0.87,14,1284,0,1145,0,7384,12000,0,0
b4_n16_duplicates_allowed,4,16,upstream_only,ideal_sine,rank,100,87,75,65,87,0.9666893147892307,0.9971713413306189,10,1.0,0.87,14,1284,0,1145,0,7384,12000,0,0
b4_n16_duplicates_allowed,4,16,combined,direct,bitonic,100,100,71,41,100,0.959980516580535,0.9922115808184678,10,0.998,0.998,44,1466,0,1316,0,8454,8000,0,1
b4_n16_duplicates_allowed,4,16,combined,ideal_sine,bitonic,100,100,71,41,100,0.959980516580535,0.9922115808184678,10,0.998,0.998,44,1466,0,1316,0,8454,8000,0,0
b4_n16_duplicates_allowed,4,16,combined,direct,rank,100,68,45,29,68,0.9621311227310666,0.991696648392184,10,0.9955882352941177,0.677,32,968,0,915,0,5799,12000,0,0
b4_n16_duplicates_allowed,4,16,combined,ideal_sine,rank,100,68,45,29,68,0.9621311227310666,0.991696648392184,10,0.9955882352941177,0.677,32,968,0,915,0,5799,12000,0,0
b4_n16_duplicates_allowed,4,16,coarse_output,direct,bitonic,100,100,3,2,100,0.9045802800600811,0.9350141169782933,10,0.9750000000000003,0.9750000000000003,355,1466,10,1316,1,8454,8000,0,0
b4_n16_duplicates_allowed,4,16,coarse_output,ideal_sine,bitonic,100,100,3,2,100,0.9044037789326765,0.9348272010904429,10,0.9750000000000003,0.9750000000000003,356,1466,10,1316,1,8454,8000,0,0
b4_n16_duplicates_allowed,4,16,coarse_output,direct,rank,100,32,2,2,32,0.9188140270929316,0.95171359227012,10,0.98125,0.314,87,417,0,431,0,2733,12000,0,0
b4_n16_duplicates_allowed,4,16,coarse_output,ideal_sine,rank,100,32,2,2,32,0.9188140270929316,0.95171359227012,10,0.98125,0.314,87,417,0,431,0,2733,12000,0,0
b4_n16_duplicates_allowed,4,16,positive_offset,direct,bitonic,100,100,49,17,100,0.9537870478011549,0.9858175120747903,10,0.996,0.996,80,1466,0,1316,0,8454,8000,0,1
b4_n16_duplicates_allowed,4,16,positive_offset,ideal_sine,bitonic,100,100,49,17,100,0.9537870478011549,0.9858175120747903,10,0.996,0.996,80,1466,0,1316,0,8454,8000,0,0
b4_n16_duplicates_allowed,4,16,positive_offset,direct,rank,100,68,64,12,68,0.9709264197672025,0.9987008776496159,10,1.0,0.68,5,997,0,895,0,5821,12000,0,0
b4_n16_duplicates_allowed,4,16,positive_offset,ideal_sine,rank,100,68,64,12,68,0.9709264197672025,0.9987008776496159,10,1.0,0.68,5,997,0,895,0,5821,12000,0,0
b8_n16_distinct,8,16,no_noise,direct,bitonic,100,100,100,100,100,1.0,1.0,10,1.0,1.0,0,103,0,95,0,11802,8000,0,0
b8_n16_distinct,8,16,no_noise,ideal_sine,bitonic,100,100,100,100,100,1.0,1.0,10,1.0,1.0,0,103,0,95,0,11802,8000,0,0
b8_n16_distinct,8,16,no_noise,direct,rank,100,100,100,100,100,1.0,1.0,10,1.0,1.0,0,103,0,95,0,11802,12000,0,0
b8_n16_distinct,8,16,no_noise,ideal_sine,rank,100,100,100,100,100,1.0,1.0,10,1.0,1.0,0,103,0,95,0,11802,12000,0,0
b8_n16_distinct,8,16,prequantized_control,direct,bitonic,100,100,96,96,100,0.9993333333333334,0.9993333333333334,10,1.0,1.0,4,103,0,95,0,11802,8000,0,0
b8_n16_distinct,8,16,prequantized_control,ideal_sine,bitonic,100,100,96,96,100,0.9993333333333334,0.9993333333333334,10,1.0,1.0,4,103,0,95,0,11802,8000,0,0
b8_n16_distinct,8,16,prequantized_control,direct,rank,100,100,100,100,100,1.0,1.0,10,1.0,1.0,0,103,0,95,0,11802,12000,0,0
b8_n16_distinct,8,16,prequantized_control,ideal_sine,rank,100,100,100,100,100,1.0,1.0,10,1.0,1.0,0,103,0,95,0,11802,12000,0,0
b8_n16_distinct,8,16,upstream_only,direct,bitonic,100,100,96,96,100,0.9993333333333334,0.9993333333333334,10,1.0,1.0,4,103,0,95,0,11802,8000,0,0
b8_n16_distinct,8,16,upstream_only,ideal_sine,bitonic,100,100,96,96,100,0.9993333333333334,0.9993333333333334,10,1.0,1.0,4,103,0,95,0,11802,8000,0,0
b8_n16_distinct,8,16,upstream_only,direct,rank,100,100,100,100,100,1.0,1.0,10,1.0,1.0,0,103,0,95,0,11802,12000,0,0
b8_n16_distinct,8,16,upstream_only,ideal_sine,rank,100,100,100,100,100,1.0,1.0,10,1.0,1.0,0,103,0,95,0,11802,12000,0,0
b8_n16_distinct,8,16,combined,direct,bitonic,100,100,93,93,100,0.9988333333333334,0.9988333333333334,10,1.0,1.0,7,103,0,95,0,11802,8000,0,0
b8_n16_distinct,8,16,combined,ideal_sine,bitonic,100,100,93,93,100,0.9988333333333334,0.9988333333333334,10,1.0,1.0,7,103,0,95,0,11802,8000,0,0
b8_n16_distinct,8,16,combined,direct,rank,100,100,96,96,100,0.9993333333333334,0.9993333333333334,10,1.0,1.0,4,103,0,95,0,11802,12000,0,0
b8_n16_distinct,8,16,combined,ideal_sine,rank,100,100,96,96,100,0.9993333333333334,0.9993333333333334,10,1.0,1.0,4,103,0,95,0,11802,12000,0,0
b8_n16_distinct,8,16,coarse_output,direct,bitonic,100,100,78,78,100,0.9951666666666666,0.9951666666666666,10,0.997,0.997,27,103,2,95,0,11802,8000,0,0
b8_n16_distinct,8,16,coarse_output,ideal_sine,bitonic,100,100,78,78,100,0.9951666666666666,0.9951666666666666,10,0.997,0.997,27,103,2,95,0,11802,8000,0,0
b8_n16_distinct,8,16,coarse_output,direct,rank,100,99,72,72,99,0.9946127946127946,0.9946127946127946,10,0.997979797979798,0.988,32,100,0,93,0,11687,12000,0,0
b8_n16_distinct,8,16,coarse_output,ideal_sine,rank,100,99,72,72,99,0.9946127946127946,0.9946127946127946,10,0.997979797979798,0.988,32,100,0,93,0,11687,12000,0,0
b8_n16_distinct,8,16,positive_offset,direct,bitonic,100,100,92,92,100,0.9985,0.9985,10,1.0,1.0,8,103,1,95,0,11802,8000,0,0
b8_n16_distinct,8,16,positive_offset,ideal_sine,bitonic,100,100,92,92,100,0.9985,0.9985,10,1.0,1.0,8,103,1,95,0,11802,8000,0,0
b8_n16_distinct,8,16,positive_offset,direct,rank,100,100,99,99,100,0.9998333333333334,0.9998333333333334,10,1.0,1.0,1,103,0,95,0,11802,12000,0,0
b8_n16_distinct,8,16,positive_offset,ideal_sine,rank,100,100,99,99,100,0.9998333333333334,0.9998333333333334,10,1.0,1.0,1,103,0,95,0,11802,12000,0,0
b8_n16_duplicates_allowed,8,16,no_noise,direct,bitonic,100,100,100,100,100,0.9981201983489036,1.0,10,1.0,1.0,0,81,0,88,0,11786,8000,0,0
b8_n16_duplicates_allowed,8,16,no_noise,ideal_sine,bitonic,100,100,100,100,100,0.9981201983489036,1.0,10,1.0,1.0,0,81,0,88,0,11786,8000,0,0
b8_n16_duplicates_allowed,8,16,no_noise,direct,rank,100,100,100,100,100,0.9981201983489036,1.0,10,1.0,1.0,0,81,0,88,0,11786,12000,0,0
b8_n16_duplicates_allowed,8,16,no_noise,ideal_sine,rank,100,100,100,100,100,0.9981201983489036,1.0,10,1.0,1.0,0,81,0,88,0,11786,12000,0,0
b8_n16_duplicates_allowed,8,16,prequantized_control,direct,bitonic,100,100,99,99,100,0.9979535316822371,0.9998333333333334,10,1.0,1.0,1,81,0,88,0,11786,8000,0,0
b8_n16_duplicates_allowed,8,16,prequantized_control,ideal_sine,bitonic,100,100,99,99,100,0.9979535316822371,0.9998333333333334,10,1.0,1.0,1,81,0,88,0,11786,8000,0,0
b8_n16_duplicates_allowed,8,16,prequantized_control,direct,rank,100,100,100,98,100,0.9981201983489036,1.0,10,1.0,1.0,0,81,0,88,0,11786,12000,0,0
b8_n16_duplicates_allowed,8,16,prequantized_control,ideal_sine,rank,100,100,100,98,100,0.9981201983489036,1.0,10,1.0,1.0,0,81,0,88,0,11786,12000,0,0
b8_n16_duplicates_allowed,8,16,upstream_only,direct,bitonic,100,100,99,99,100,0.9979535316822371,0.9998333333333334,10,1.0,1.0,1,81,0,88,0,11786,8000,0,0
b8_n16_duplicates_allowed,8,16,upstream_only,ideal_sine,bitonic,100,100,99,99,100,0.9979535316822371,0.9998333333333334,10,1.0,1.0,1,81,0,88,0,11786,8000,0,0
b8_n16_duplicates_allowed,8,16,upstream_only,direct,rank,100,100,100,98,100,0.9981201983489036,1.0,10,1.0,1.0,0,81,0,88,0,11786,12000,0,0
b8_n16_duplicates_allowed,8,16,upstream_only,ideal_sine,rank,100,100,100,98,100,0.9981201983489036,1.0,10,1.0,1.0,0,81,0,88,0,11786,12000,0,0
b8_n16_duplicates_allowed,8,16,combined,direct,bitonic,100,100,97,92,100,0.9976194995338191,0.999498599439776,10,1.0,1.0,3,81,0,88,0,11786,8000,0,0
b8_n16_duplicates_allowed,8,16,combined,ideal_sine,bitonic,100,100,97,92,100,0.9976194995338191,0.999498599439776,10,1.0,1.0,3,81,0,88,0,11786,8000,0,0
b8_n16_duplicates_allowed,8,16,combined,direct,rank,100,100,99,99,100,0.9979528328671526,0.9998319327731093,10,1.0,1.0,1,81,0,88,0,11786,12000,0,0
b8_n16_duplicates_allowed,8,16,combined,ideal_sine,rank,100,100,99,99,100,0.9979528328671526,0.9998319327731093,10,1.0,1.0,1,81,0,88,0,11786,12000,0,0
b8_n16_duplicates_allowed,8,16,coarse_output,direct,bitonic,100,100,78,78,100,0.9941125113829744,0.9959845938375349,10,1.0,1.0,24,81,0,88,0,11786,8000,0,0
b8_n16_duplicates_allowed,8,16,coarse_output,ideal_sine,bitonic,100,100,78,78,100,0.9941125113829744,0.9959845938375349,10,1.0,1.0,24,81,0,88,0,11786,8000,0,0
b8_n16_duplicates_allowed,8,16,coarse_output,direct,rank,100,100,86,86,100,0.9956153066433123,0.9974901960784314,10,1.0,1.0,15,81,0,88,0,11786,12000,0,0
b8_n16_duplicates_allowed,8,16,coarse_output,ideal_sine,rank,100,100,86,86,100,0.9956153066433123,0.9974901960784314,10,1.0,1.0,15,81,0,88,0,11786,12000,0,0
b8_n16_duplicates_allowed,8,16,positive_offset,direct,bitonic,100,100,95,84,100,0.9972847685703169,0.9991624649859944,10,1.0,1.0,5,81,0,88,0,11786,8000,0,0
b8_n16_duplicates_allowed,8,16,positive_offset,ideal_sine,bitonic,100,100,95,84,100,0.9972847685703169,0.9991624649859944,10,1.0,1.0,5,81,0,88,0,11786,8000,0,0
b8_n16_duplicates_allowed,8,16,positive_offset,direct,rank,100,100,100,94,100,0.9981201983489036,1.0,10,1.0,1.0,0,81,0,88,0,11786,12000,0,0
b8_n16_duplicates_allowed,8,16,positive_offset,ideal_sine,rank,100,100,100,94,100,0.9981201983489036,1.0,10,1.0,1.0,0,81,0,88,0,11786,12000,0,0
b8_n256_distinct,8,256,no_noise,direct,bitonic,100,100,100,100,100,1.0,1.0,10,1.0,1.0,0,25500,0,25400,0,3213100,460800,0,0
b8_n256_distinct,8,256,no_noise,ideal_sine,bitonic,100,100,100,100,100,1.0,1.0,10,1.0,1.0,0,25500,0,25400,0,3213100,460800,0,0
b8_n256_distinct,8,256,no_noise,direct,rank,100,100,100,100,100,1.0,1.0,10,1.0,1.0,0,25500,0,25400,0,3213100,3264000,0,0
b8_n256_distinct,8,256,no_noise,ideal_sine,rank,100,100,100,100,100,1.0,1.0,10,1.0,1.0,0,25500,0,25400,0,3213100,3264000,0,0
b8_n256_distinct,8,256,prequantized_control,direct,bitonic,100,100,8,8,100,0.9998143382352942,0.9998143382352942,10,0.998,0.998,302,25500,1,25400,0,3213100,460800,0,0
b8_n256_distinct,8,256,prequantized_control,ideal_sine,bitonic,100,100,8,8,100,0.9998143382352942,0.9998143382352942,10,0.998,0.998,302,25500,1,25400,0,3213100,460800,0,0
b8_n256_distinct,8,256,prequantized_control,direct,rank,100,100,4,4,100,0.9998186274509804,0.9998186274509804,10,0.998,0.998,296,25500,0,25400,0,3213100,3264000,0,0
b8_n256_distinct,8,256,prequantized_control,ideal_sine,rank,100,100,4,4,100,0.9998186274509804,0.9998186274509804,10,0.998,0.998,296,25500,0,25400,0,3213100,3264000,0,0
b8_n256_distinct,8,256,upstream_only,direct,bitonic,100,100,8,8,100,0.9998143382352942,0.9998143382352942,10,0.998,0.998,302,25500,1,25400,0,3213100,460800,0,0
b8_n256_distinct,8,256,upstream_only,ideal_sine,bitonic,100,100,8,8,100,0.9998143382352942,0.9998143382352942,10,0.998,0.998,302,25500,1,25400,0,3213100,460800,0,0
b8_n256_distinct,8,256,upstream_only,direct,rank,100,100,4,4,100,0.9998186274509804,0.9998186274509804,10,0.998,0.998,296,25500,0,25400,0,3213100,3264000,0,0
b8_n256_distinct,8,256,upstream_only,ideal_sine,rank,100,100,4,4,100,0.9998186274509804,0.9998186274509804,10,0.998,0.998,296,25500,0,25400,0,3213100,3264000,0,0
b8_n256_distinct,8,256,combined,direct,bitonic,100,100,0,0,100,0.9993707107843137,0.9993707107843137,10,0.993,0.993,1005,25500,22,25400,0,3213100,460800,0,0
b8_n256_distinct,8,256,combined,ideal_sine,bitonic,100,100,0,0,100,0.9993707107843137,0.9993707107843137,10,0.993,0.993,1005,25500,22,25400,0,3213100,460800,0,0
b8_n256_distinct,8,256,combined,direct,rank,100,72,0,0,72,0.9993838507625272,0.9993838507625272,10,0.9972222222222222,0.718,724,18360,0,18288,0,2313432,3264000,0,0
b8_n256_distinct,8,256,combined,ideal_sine,rank,100,72,0,0,72,0.9993838507625272,0.9993838507625272,10,0.9972222222222222,0.718,724,18360,0,18288,0,2313432,3264000,0,0
b8_n256_distinct,8,256,coarse_output,direct,bitonic,100,100,0,0,100,0.9963756127450982,0.9963756127450982,10,0.9730000000000001,0.9730000000000001,5451,25500,443,25400,21,3213100,460800,0,0
b8_n256_distinct,8,256,coarse_output,ideal_sine,bitonic,100,100,0,0,100,0.9963756127450982,0.9963756127450982,10,0.9730000000000001,0.9730000000000001,5451,25500,443,25400,21,3213100,460800,0,0
b8_n256_distinct,8,256,coarse_output,direct,rank,100,0,0,0,0,,,10,,0.0,0,0,0,0,0,0,3264000,0,0
b8_n256_distinct,8,256,coarse_output,ideal_sine,rank,100,0,0,0,0,,,10,,0.0,0,0,0,0,0,0,3264000,0,0
b8_n256_distinct,8,256,positive_offset,direct,bitonic,100,100,0,0,100,0.999017769607843,0.999017769607843,10,0.991,0.991,1566,25500,37,25400,0,3213100,460800,0,0
b8_n256_distinct,8,256,positive_offset,ideal_sine,bitonic,100,100,0,0,100,0.999017769607843,0.999017769607843,10,0.991,0.991,1566,25500,37,25400,0,3213100,460800,0,0
b8_n256_distinct,8,256,positive_offset,direct,rank,100,97,7,7,97,0.9998553416211847,0.9998553416211847,10,1.0,0.97,229,24735,0,24638,0,3116707,3264000,0,1
b8_n256_distinct,8,256,positive_offset,ideal_sine,rank,100,97,7,7,97,0.9998553416211847,0.9998553416211847,10,1.0,0.97,229,24735,0,24638,0,3116707,3264000,0,0
b8_n256_duplicates_allowed,8,256,no_noise,direct,bitonic,100,100,100,100,100,0.9980501625530553,1.0,10,1.0,1.0,0,25327,0,25207,0,3200750,460800,0,0
b8_n256_duplicates_allowed,8,256,no_noise,ideal_sine,bitonic,100,100,100,100,100,0.9980501625530553,1.0,10,1.0,1.0,0,25327,0,25207,0,3200750,460800,0,0
b8_n256_duplicates_allowed,8,256,no_noise,direct,rank,100,100,100,100,100,0.9980501625530553,1.0,10,1.0,1.0,0,25327,0,25207,0,3200750,3264000,0,0
b8_n256_duplicates_allowed,8,256,no_noise,ideal_sine,rank,100,100,100,100,100,0.9980501625530553,1.0,10,1.0,1.0,0,25327,0,25207,0,3200750,3264000,0,0
b8_n256_duplicates_allowed,8,256,prequantized_control,direct,bitonic,100,100,14,1,100,0.9979034337461922,0.9998529879124115,10,1.0,1.0,238,25327,1,25207,0,3200750,460800,0,0
b8_n256_duplicates_allowed,8,256,prequantized_control,ideal_sine,bitonic,100,100,14,1,100,0.9979034337461922,0.9998529879124115,10,1.0,1.0,238,25327,1,25207,0,3200750,460800,0,0
b8_n256_duplicates_allowed,8,256,prequantized_control,direct,rank,100,9,1,0,9,0.9980696733823508,0.9999111697501826,10,1.0,0.09,13,2193,0,2241,0,288245,3264000,0,0
b8_n256_duplicates_allowed,8,256,prequantized_control,ideal_sine,rank,100,9,1,0,9,0.9980696733823508,0.9999111697501826,10,1.0,0.09,13,2193,0,2241,0,288245,3264000,0,0
b8_n256_duplicates_allowed,8,256,upstream_only,direct,bitonic,100,100,14,1,100,0.9979034337461922,0.9998529879124115,10,1.0,1.0,238,25327,1,25207,0,3200750,460800,0,0
b8_n256_duplicates_allowed,8,256,upstream_only,ideal_sine,bitonic,100,100,14,1,100,0.9979034337461922,0.9998529879124115,10,1.0,1.0,238,25327,1,25207,0,3200750,460800,0,0
b8_n256_duplicates_allowed,8,256,upstream_only,direct,rank,100,9,1,0,9,0.9980696733823508,0.9999111697501826,10,1.0,0.09,13,2193,0,2241,0,288245,3264000,0,0
b8_n256_duplicates_allowed,8,256,upstream_only,ideal_sine,rank,100,9,1,0,9,0.9980696733823508,0.9999111697501826,10,1.0,0.09,13,2193,0,2241,0,288245,3264000,0,0
b8_n256_duplicates_allowed,8,256,combined,direct,bitonic,100,100,0,0,100,0.9975264751022007,0.9994752946717068,10,0.996,0.996,846,25327,7,25207,0,3200750,460800,0,1
b8_n256_duplicates_allowed,8,256,combined,ideal_sine,bitonic,100,100,0,0,100,0.9975264751022007,0.9994752946717068,10,0.996,0.996,846,25327,7,25207,0,3200750,460800,0,0
b8_n256_duplicates_allowed,8,256,combined,direct,rank,100,0,0,0,0,,,10,,0.0,0,0,0,0,0,0,3264000,0,0
b8_n256_duplicates_allowed,8,256,combined,ideal_sine,rank,100,0,0,0,0,,,10,,0.0,0,0,0,0,0,0,3264000,0,0
b8_n256_duplicates_allowed,8,256,coarse_output,direct,bitonic,100,100,0,0,100,0.9944039328660782,0.9963466196190238,10,0.9770000000000002,0.9770000000000002,5678,25327,255,25207,6,3200750,460800,0,1
b8_n256_duplicates_allowed,8,256,coarse_output,ideal_sine,bitonic,100,100,0,0,100,0.9944033190009334,0.9963460046317847,10,0.9770000000000002,0.9770000000000002,5679,25327,255,25207,6,3200750,460800,0,0
b8_n256_duplicates_allowed,8,256,coarse_output,direct,rank,100,0,0,0,0,,,10,,0.0,0,0,0,0,0,0,3264000,0,0
b8_n256_duplicates_allowed,8,256,coarse_output,ideal_sine,rank,100,0,0,0,0,,,10,,0.0,0,0,0,0,0,0,3264000,0,0
b8_n256_duplicates_allowed,8,256,positive_offset,direct,bitonic,100,100,0,0,100,0.997166076208851,0.9991141768113571,10,0.995,0.995,1431,25327,8,25207,1,3200750,460800,0,1
b8_n256_duplicates_allowed,8,256,positive_offset,ideal_sine,bitonic,100,100,0,0,100,0.997166076208851,0.9991141768113571,10,0.995,0.995,1431,25327,8,25207,1,3200750,460800,0,0
b8_n256_duplicates_allowed,8,256,positive_offset,direct,rank,100,0,0,0,0,,,10,,0.0,0,0,0,0,0,0,3264000,0,1
b8_n256_duplicates_allowed,8,256,positive_offset,ideal_sine,rank,100,0,0,0,0,,,10,,0.0,0,0,0,0,0,0,3264000,0,0
