dataset,key_bits,n,family,storage_dtype,batch_size,repeats,dataset_arrays,median_mean_batch_s,p25_mean_batch_s,p75_mean_batch_s,relative_iqr,amortized_s_per_array,arrays_per_s,keys_per_s
b4_n2_distinct,4,2,distinct,int64,1,9,1000,3.99474425e-06,3.90662325e-06,4.0471585e-06,0.03518003686969435,3.99474425e-06,250328.91655079043,500657.83310158085
b4_n2_distinct,4,2,distinct,int64,10,9,1000,4.136780588235294e-06,4.123970294117648e-06,4.186903823529412e-06,0.015213165907503769,4.136780588235294e-07,2417338.7460865774,4834677.492173155
b4_n2_distinct,4,2,distinct,int64,100,9,1000,6.096905447470818e-06,6.0192272373540855e-06,6.225801167315175e-06,0.03388176702769483,6.096905447470819e-08,16401763.298048692,32803526.596097384
b4_n2_distinct,4,2,distinct,int64,1000,9,1000,2.3224616570327556e-05,2.3152348747591523e-05,2.3626400770712912e-05,0.02041161892537125,2.3224616570327557e-08,43057761.44772306,86115522.89544612
b4_n2_distinct,4,2,distinct,uint8,1,9,1000,4.05226625e-06,3.974591e-06,4.36010525e-06,0.09513546894901087,4.05226625e-06,246775.4926024419,493550.9852048838
b4_n2_distinct,4,2,distinct,uint8,10,9,1000,5.053306129032259e-06,5.04827935483871e-06,5.2816877419354844e-06,0.04618924346494594,5.053306129032259e-07,1978902.4738770504,3957804.947754101
b4_n2_distinct,4,2,distinct,uint8,100,9,1000,1.3128858536585368e-05,1.2866204878048783e-05,1.3562259756097562e-05,0.053017166428378094,1.3128858536585368e-07,7616808.4012282,15233616.8024564
b4_n2_distinct,4,2,distinct,uint8,1000,9,1000,9.464674556213018e-05,9.327395857988166e-05,9.69430650887574e-05,0.03876632510800051,9.464674556213019e-08,10565603.646071034,21131207.292142067
b4_n2_duplicates_allowed,4,2,duplicates_allowed,int64,1,9,1000,4.156987500000001e-06,3.83227025e-06,4.2146372500000005e-06,0.09198175361364459,4.156987500000001e-06,240558.81813452646,481117.6362690529
b4_n2_duplicates_allowed,4,2,duplicates_allowed,int64,10,9,1000,4.388929729729729e-06,4.283166756756757e-06,4.4496948648648655e-06,0.03794276016316243,4.3889297297297294e-07,2278459.810432144,4556919.620864288
b4_n2_duplicates_allowed,4,2,duplicates_allowed,int64,100,9,1000,6.126028488372093e-06,6.061616860465117e-06,6.5045494186046516e-06,0.07230337876819727,6.126028488372094e-08,16323789.579139486,32647579.158278972
b4_n2_duplicates_allowed,4,2,duplicates_allowed,int64,1000,9,1000,2.3009948929159804e-05,2.2924250411861615e-05,2.3486716639209226e-05,0.02444447960659377,2.3009948929159805e-08,43459461.95181383,86918923.90362766
b4_n2_duplicates_allowed,4,2,duplicates_allowed,uint8,1,9,1000,4.048762e-06,4.016717e-06,4.1662800000000005e-06,0.03694042771592913,4.048762e-06,246989.07962483345,493978.1592496669
b4_n2_duplicates_allowed,4,2,duplicates_allowed,uint8,10,9,1000,5.3222850000000005e-06,5.238976818181818e-06,5.670261818181819e-06,0.08103380408978494,5.322285e-07,1878892.242711542,3757784.485423084
b4_n2_duplicates_allowed,4,2,duplicates_allowed,uint8,100,9,1000,1.2541039344262297e-05,1.2468174590163935e-05,1.2679995081967214e-05,0.01689018637041352,1.2541039344262297e-07,7973820.769946904,15947641.539893808
b4_n2_duplicates_allowed,4,2,duplicates_allowed,uint8,1000,9,1000,9.08921484375e-05,8.89864453125e-05,9.243651562500001e-05,0.03795784753478868,9.08921484375e-08,11002050.421193732,22004100.842387464
b4_n4_distinct,4,4,distinct,int64,1,9,1000,4.0000225000000005e-06,3.82169e-06,4.21362125e-06,0.09798226134977991,4.0000225000000005e-06,249998.59375791007,999994.3750316403
b4_n4_distinct,4,4,distinct,int64,10,9,1000,5.015131935483871e-06,4.77867064516129e-06,5.112143548387097e-06,0.06649334604068255,5.015131935483871e-07,1993965.4885739668,7975861.954295867
b4_n4_distinct,4,4,distinct,int64,100,9,1000,7.196775903614458e-06,7.064134939759037e-06,7.406219879518073e-06,0.04753308208294069,7.196775903614458e-08,13895110.996825218,55580443.98730087
b4_n4_distinct,4,4,distinct,int64,1000,9,1000,3.357574725274726e-05,3.272031648351649e-05,3.446344395604396e-05,0.05191626739997098,3.357574725274726e-08,29783402.658839628,119133610.63535851
b4_n4_distinct,4,4,distinct,uint8,1,9,1000,4.319621e-06,4.091397750000001e-06,4.56743125e-06,0.11020260805288226,4.319621e-06,231501.79147661335,926007.1659064534
b4_n4_distinct,4,4,distinct,uint8,10,9,1000,5.917156296296297e-06,5.682456666666667e-06,5.988145555555557e-06,0.051661452492006744,5.917156296296297e-07,1690000.9902153949,6760003.9608615795
b4_n4_distinct,4,4,distinct,uint8,100,9,1000,1.836415505617978e-05,1.806732359550562e-05,1.8513201123595507e-05,0.024279773652850025,1.8364155056179778e-07,5445390.745943886,21781562.983775545
b4_n4_distinct,4,4,distinct,uint8,1000,9,1000,0.0001514789375,0.00014871698214285716,0.00015502412500000001,0.04163709464322626,1.514789375e-07,6601577.859628174,26406311.438512698
b4_n4_duplicates_allowed,4,4,duplicates_allowed,int64,1,9,1000,4.17371775e-06,4.0182897500000004e-06,4.299323e-06,0.06733403330879278,4.17371775e-06,239594.54373741493,958378.1749496597
b4_n4_duplicates_allowed,4,4,duplicates_allowed,int64,10,9,1000,4.314418571428572e-06,4.298466e-06,4.390182000000001e-06,0.021258020862271635,4.314418571428572e-07,2317809.418451683,9271237.673806733
b4_n4_duplicates_allowed,4,4,duplicates_allowed,int64,100,9,1000,6.998211374407583e-06,6.9837113744075835e-06,7.103717535545024e-06,0.01714811895740997,6.998211374407583e-08,14289365.474969704,57157461.899878815
b4_n4_duplicates_allowed,4,4,duplicates_allowed,int64,1000,9,1000,3.564977777777778e-05,3.436334222222222e-05,3.935416888888889e-05,0.13999601057198433,3.564977777777778e-08,28050665.73580013,112202662.94320051
b4_n4_duplicates_allowed,4,4,duplicates_allowed,uint8,1,9,1000,4.06918725e-06,4.05024125e-06,4.09849925e-06,0.011859370688827392,4.06918725e-06,245749.32008842798,982997.2803537119
b4_n4_duplicates_allowed,4,4,duplicates_allowed,uint8,10,9,1000,5.41494724137931e-06,5.3490127586206895e-06,5.471356551724139e-06,0.022593718396466903,5.41494724137931e-07,1846740.0612111546,7386960.244844618
b4_n4_duplicates_allowed,4,4,duplicates_allowed,uint8,100,9,1000,1.762226627906977e-05,1.756798488372093e-05,1.7946e-05,0.021450993322467513,1.7622266279069768e-07,5674639.028623208,22698556.114492834
b4_n4_duplicates_allowed,4,4,duplicates_allowed,uint8,1000,9,1000,0.00014650401136363637,0.00014384475000000003,0.00015111270454545454,0.04960925286485698,1.4650401136363637e-07,6825751.668450282,27303006.673801128
b4_n8_distinct,4,8,distinct,int64,1,9,1000,4.136285750000001e-06,4.093558500000001e-06,4.197939e-06,0.02523532132662724,4.136285750000001e-06,241762.79407195208,1934102.3525756167
b4_n8_distinct,4,8,distinct,int64,10,9,1000,4.834474516129032e-06,4.759809677419355e-06,4.937365806451613e-06,0.03672707932162751,4.834474516129033e-07,2068477.1357543545,16547817.086034836
b4_n8_distinct,4,8,distinct,int64,100,9,1000,1.0135333986928105e-05,1.0035686274509805e-05,1.0260635294117646e-05,0.02219453447690681,1.0135333986928106e-07,9866473.086034806,78931784.68827845
b4_n8_distinct,4,8,distinct,int64,1000,9,1000,5.6741536842105266e-05,5.590827368421053e-05,5.838275789473684e-05,0.04360974954577038,5.6741536842105264e-08,17623773.617247995,140990188.93798396
b4_n8_distinct,4,8,distinct,uint8,1,9,1000,4.038966000000001e-06,4.0303755e-06,4.06572425e-06,0.008751930568368324,4.038966000000001e-06,247588.12032584572,1980704.9626067658
b4_n8_distinct,4,8,distinct,uint8,10,9,1000,5.9659030769230775e-06,5.862292307692308e-06,6.07013e-06,0.03483759116228968,5.965903076923078e-07,1676192.1658904175,13409537.32712334
b4_n8_distinct,4,8,distinct,uint8,100,9,1000,2.355484285714286e-05,2.3242385714285715e-05,2.4108904081632654e-05,0.03678727014237638,2.355484285714286e-07,4245411.468311945,33963291.74649556
b4_n8_distinct,4,8,distinct,uint8,1000,9,1000,0.0001911226511627907,0.00018922687209302328,0.00019439947674418606,0.0270643203183539,1.9112265116279072e-07,5232242.195867404,41857937.566939235
b4_n8_duplicates_allowed,4,8,duplicates_allowed,int64,1,9,1000,3.9933945000000005e-06,3.9802795e-06,4.203901e-06,0.055997848446979,3.9933945000000005e-06,250413.52663755105,2003308.2131004084
b4_n8_duplicates_allowed,4,8,duplicates_allowed,int64,10,9,1000,4.709478965517242e-06,4.6182858620689655e-06,4.855786896551724e-06,0.050430426852256696,4.709478965517242e-07,2123377.144949558,16987017.159596466
b4_n8_duplicates_allowed,4,8,duplicates_allowed,int64,100,9,1000,1.0906460666666668e-05,1.0602374000000001e-05,1.1192453999999999e-05,0.054103711372054476,1.0906460666666668e-07,9168877.333930083,73351018.67144066
b4_n8_duplicates_allowed,4,8,duplicates_allowed,int64,1000,9,1000,5.7596658730158733e-05,5.7237420634920634e-05,5.81586626984127e-05,0.015994713648375004,5.759665873015873e-08,17362118.255592152,138896946.04473722
b4_n8_duplicates_allowed,4,8,duplicates_allowed,uint8,1,9,1000,4.273661e-06,4.136125666666666e-06,4.306978e-06,0.03997797984756719,4.273661e-06,233991.41859871428,1871931.3487897143
b4_n8_duplicates_allowed,4,8,duplicates_allowed,uint8,10,9,1000,5.980490384615385e-06,5.975147692307693e-06,6.104728846153847e-06,0.02166731246312127,5.980490384615386e-07,1672103.6832907,13376829.4663256
b4_n8_duplicates_allowed,4,8,duplicates_allowed,uint8,100,9,1000,2.3831553225806453e-05,2.2819019354838712e-05,2.4841437096774195e-05,0.0848630268775545,2.3831553225806452e-07,4196117.603099117,33568940.82479294
b4_n8_duplicates_allowed,4,8,duplicates_allowed,uint8,1000,9,1000,0.00019085316666666666,0.00018401913095238097,0.0002059314880952381,0.1148126464211517,1.9085316666666667e-07,5239630.117044604,41917040.936356835
b4_n16_distinct,4,16,distinct,int64,1,9,1000,4.162238e-06,4.138124e-06,4.2837045e-06,0.03497649581787488,4.162238e-06,240255.36261982133,3844085.8019171413
b4_n16_distinct,4,16,distinct,int64,10,9,1000,5.570292307692308e-06,5.429694230769231e-06,5.604628846153846e-06,0.031404925580483266,5.570292307692308e-07,1795237.9242630547,28723806.788208876
b4_n16_distinct,4,16,distinct,int64,100,9,1000,1.6010460294117648e-05,1.584546029411765e-05,1.613855e-05,0.01830613864299927,1.6010460294117648e-07,6245916.6171968635,99934665.87514982
b4_n16_distinct,4,16,distinct,int64,1000,9,1000,0.00011306868674698795,0.00010789868674698796,0.00011461838554216869,0.05943023650939973,1.1306868674698796e-07,8844181.610048098,141506905.76076958
b4_n16_distinct,4,16,distinct,uint8,1,9,1000,4.142368e-06,4.1146584999999996e-06,4.1770480000000005e-06,0.015061312756375315,4.142368e-06,241407.8131155899,3862525.0098494384
b4_n16_distinct,4,16,distinct,uint8,10,9,1000,6.6064444e-06,6.546404800000001e-06,6.662232800000001e-06,0.01753257773576354,6.6064444e-07,1513673.527624027,24218776.441984434
b4_n16_distinct,4,16,distinct,uint8,100,9,1000,2.7101733870967742e-05,2.605728064516129e-05,2.8465461290322583e-05,0.0888570693161818,2.7101733870967743e-07,3689800.8251465876,59036813.2023454
b4_n16_distinct,4,16,distinct,uint8,1000,9,1000,0.00020732241891891894,0.0002069404864864865,0.0002079051891891892,0.0046531518768357415,2.0732241891891893e-07,4823405.038463721,77174480.61541954
b4_n16_duplicates_allowed,4,16,duplicates_allowed,int64,1,9,1000,4.814342666666667e-06,4.683828333333334e-06,4.977046000000001e-06,0.06090502628673162,4.814342666666667e-06,207712.67631690527,3323402.8210704844
b4_n16_duplicates_allowed,4,16,duplicates_allowed,int64,10,9,1000,5.4608575e-06,5.4041965e-06,5.543152e-06,0.02544572899036457,5.4608575e-07,1831214.2369582066,29299427.791331306
b4_n16_duplicates_allowed,4,16,duplicates_allowed,int64,100,9,1000,1.613482428571429e-05,1.567883285714286e-05,1.6441302857142858e-05,0.04725617003930359,1.613482428571429e-07,6197774.343817281,99164389.50107649
b4_n16_duplicates_allowed,4,16,duplicates_allowed,int64,1000,9,1000,0.00011055557471264369,0.00010875445977011496,0.00011231998850574714,0.032251008100674335,1.1055557471264368e-07,9045224.563294997,144723593.01271996
b4_n16_duplicates_allowed,4,16,duplicates_allowed,uint8,1,9,1000,4.277968e-06,4.1839759999999994e-06,4.293196e-06,0.0255308127597028,4.277968e-06,233755.8392208637,3740093.4275338193
b4_n16_duplicates_allowed,4,16,duplicates_allowed,uint8,10,9,1000,6.4332352380952385e-06,6.317383333333334e-06,6.640316190476191e-06,0.050197582583420594,6.433235238095238e-07,1554427.8469383025,24870845.55101284
b4_n16_duplicates_allowed,4,16,duplicates_allowed,uint8,100,9,1000,2.645230163934426e-05,2.6214121311475412e-05,2.7153875409836067e-05,0.035526364063643415,2.645230163934426e-07,3780389.3726685536,60486229.96269686
b4_n16_duplicates_allowed,4,16,duplicates_allowed,uint8,1000,9,1000,0.00023163704109589045,0.0002237649863013699,0.00023388909589041096,0.043706781700988885,2.3163704109589044e-07,4317098.833886552,69073581.34218483
b8_n2_distinct,8,2,distinct,int64,1,9,1000,4.00804925e-06,3.982686e-06,4.0696827500000005e-06,0.021705509232452784,4.00804925e-06,249497.9321923252,498995.8643846504
b8_n2_distinct,8,2,distinct,int64,10,9,1000,4.416774864864866e-06,4.394584324324324e-06,4.443555945945946e-06,0.011087642707620748,4.4167748648648655e-07,2264095.4782525366,4528190.956505073
b8_n2_distinct,8,2,distinct,int64,100,9,1000,6.061805905511811e-06,5.999912598425197e-06,6.149150393700788e-06,0.024619362216776613,6.061805905511811e-08,16496734.068814892,32993468.137629785
b8_n2_distinct,8,2,distinct,int64,1000,9,1000,2.415712598425197e-05,2.392225196850394e-05,2.4917176377952756e-05,0.041185545420320616,2.415712598425197e-08,41395652.804555476,82791305.60911095
b8_n2_distinct,8,2,distinct,uint8,1,9,1000,4.717082666666667e-06,4.637819e-06,5.681944e-06,0.2213497353731628,4.717082666666667e-06,211995.43672755928,423990.87345511856
b8_n2_distinct,8,2,distinct,uint8,10,9,1000,4.87693875e-06,4.8406459375e-06,4.919352500000001e-06,0.016138517733076032,4.87693875e-07,2050466.5964894474,4100933.192978895
b8_n2_distinct,8,2,distinct,uint8,100,9,1000,1.3440327500000001e-05,1.3146740833333333e-05,1.4004456666666667e-05,0.06381658730662136,1.34403275e-07,7440294.888647616,14880589.777295232
b8_n2_distinct,8,2,distinct,uint8,1000,9,1000,9.514488554216867e-05,9.503378313253012e-05,9.689600000000002e-05,0.019572432683673275,9.514488554216867e-08,10510286.43632973,21020572.87265946
b8_n2_duplicates_allowed,8,2,duplicates_allowed,int64,1,9,1000,4.2528622500000005e-06,4.2100750000000005e-06,4.39234625e-06,0.04285848900937236,4.2528622500000005e-06,235135.7606280335,470271.521256067
b8_n2_duplicates_allowed,8,2,duplicates_allowed,int64,10,9,1000,4.1923078378378384e-06,4.14682e-06,4.317644054054054e-06,0.040747020653463126,4.1923078378378384e-07,2385321.018114321,4770642.036228642
b8_n2_duplicates_allowed,8,2,duplicates_allowed,int64,100,9,1000,5.942695348837209e-06,5.8909736434108536e-06,5.99634031007752e-06,0.017730450659444164,5.9426953488372094e-08,16827381.201623723,33654762.403247446
b8_n2_duplicates_allowed,8,2,duplicates_allowed,int64,1000,9,1000,2.3099948012232416e-05,2.305344036697248e-05,2.3584016819571865e-05,0.022968729294040965,2.3099948012232415e-08,43290140.716786765,86580281.43357353
b8_n2_duplicates_allowed,8,2,duplicates_allowed,uint8,1,9,1000,4.081520750000001e-06,3.995578e-06,4.0966285e-06,0.024758051272923253,4.081520750000001e-06,245006.71716540944,490013.4343308189
b8_n2_duplicates_allowed,8,2,duplicates_allowed,uint8,10,9,1000,5.408392916666667e-06,5.311329583333334e-06,5.45946625e-06,0.027390145085458464,5.408392916666667e-07,1848978.089070359,3697956.178140718
b8_n2_duplicates_allowed,8,2,duplicates_allowed,uint8,100,9,1000,1.3377903e-05,1.3294586e-05,1.3620471e-05,0.024359946398176183,1.3377903e-07,7475013.086879162,14950026.173758324
b8_n2_duplicates_allowed,8,2,duplicates_allowed,uint8,1000,9,1000,9.569430722891567e-05,9.116732530120483e-05,0.00010132995180722892,0.10619886177464566,9.569430722891567e-08,10449942.41515166,20899884.83030332
b8_n4_distinct,8,4,distinct,int64,1,9,1000,4.01567775e-06,3.974996250000001e-06,4.1621975e-06,0.04661759773926076,4.01567775e-06,249023.9661287562,996095.8645150248
b8_n4_distinct,8,4,distinct,int64,10,9,1000,4.5470794117647064e-06,4.468262941176471e-06,4.6746050000000005e-06,0.045379031272174054,4.5470794117647065e-07,2199213.8457329106,8796855.382931642
b8_n4_distinct,8,4,distinct,int64,100,9,1000,7.359905418719213e-06,7.289774384236454e-06,7.4399182266009855e-06,0.020400240739868104,7.359905418719213e-08,13587131.126122843,54348524.504491374
b8_n4_distinct,8,4,distinct,int64,1000,9,1000,3.637223222748816e-05,3.490313507109005e-05,3.76101018957346e-05,0.07442399486822734,3.637223222748816e-08,27493500.914256625,109974003.6570265
b8_n4_distinct,8,4,distinct,uint8,1,9,1000,4.2623315e-06,4.1962965e-06,4.44944e-06,0.05939085216623812,4.2623315e-06,234613.38002452411,938453.5200980965
b8_n4_distinct,8,4,distinct,uint8,10,9,1000,5.98769962962963e-06,5.9050670370370375e-06,6.0632437037037044e-06,0.026416934123405744,5.987699629629629e-07,1670090.4551918132,6680361.820767253
b8_n4_distinct,8,4,distinct,uint8,100,9,1000,1.976547619047619e-05,1.9191534523809522e-05,1.9854467857142855e-05,0.03353996265735109,1.9765476190476188e-07,5059326.627717882,20237306.51087153
b8_n4_distinct,8,4,distinct,uint8,1000,9,1000,0.00014725676595744682,0.00014685520212765957,0.00015101575531914895,0.028253731938481262,1.4725676595744682e-07,6790859.445391954,27163437.781567816
b8_n4_duplicates_allowed,8,4,duplicates_allowed,int64,1,9,1000,4.0145164999999996e-06,3.98599075e-06,4.0330345e-06,0.011718409925578894,4.0145164999999996e-06,249095.99948088397,996383.9979235359
b8_n4_duplicates_allowed,8,4,duplicates_allowed,int64,10,9,1000,4.555887428571429e-06,4.501782571428572e-06,4.660122571428572e-06,0.03475502906568745,4.5558874285714293e-07,2194962.0478519285,8779848.191407714
b8_n4_duplicates_allowed,8,4,duplicates_allowed,int64,100,9,1000,6.965933490566039e-06,6.915073584905661e-06,7.0434943396226415e-06,0.018435541322767517,6.96593349056604e-08,14355577.775100777,57422311.10040311
b8_n4_duplicates_allowed,8,4,duplicates_allowed,int64,1000,9,1000,3.653259939759036e-05,3.5861825301204826e-05,3.8354334337349404e-05,0.06822698294797441,3.653259939759036e-08,27372812.679350667,109491250.71740267
b8_n4_duplicates_allowed,8,4,duplicates_allowed,uint8,1,9,1000,4.11725725e-06,4.0761950000000005e-06,4.21566625e-06,0.03387479614007596,4.11725725e-06,242880.1357991415,971520.543196566
b8_n4_duplicates_allowed,8,4,duplicates_allowed,uint8,10,9,1000,5.8732603703703704e-06,5.7241159259259265e-06,6.726601851851852e-06,0.1706864437652554,5.87326037037037e-07,1702631.8210662599,6810527.2842650395
b8_n4_duplicates_allowed,8,4,duplicates_allowed,uint8,100,9,1000,1.884678260869565e-05,1.8331944927536233e-05,1.917946086956522e-05,0.04496873337085946,1.884678260869565e-07,5305945.427197815,21223781.70879126
b8_n4_duplicates_allowed,8,4,duplicates_allowed,uint8,1000,9,1000,0.00015875981730769233,0.00015720015384615386,0.00016357817307692307,0.04017401467783233,1.587598173076923e-07,6298823.07096575,25195292.283863
b8_n8_distinct,8,8,distinct,int64,1,9,1000,4.214076250000001e-06,4.1652597500000005e-06,4.229079e-06,0.015144303570681578,4.214076250000001e-06,237299.93020415798,1898399.4416332638
b8_n8_distinct,8,8,distinct,int64,10,9,1000,4.770056363636364e-06,4.717810606060607e-06,4.827531515151516e-06,0.023002015222995248,4.770056363636364e-07,2096411.2869259026,16771290.29540722
b8_n8_distinct,8,8,distinct,int64,100,9,1000,9.928934265734267e-06,9.827472727272728e-06,1.0034072727272727e-05,0.020807872675015687,9.928934265734266e-08,10071574.382873083,80572595.06298466
b8_n8_distinct,8,8,distinct,int64,1000,9,1000,6.176559223300972e-05,6.10718640776699e-05,6.189321359223302e-05,0.013297848929620793,6.176559223300973e-08,16190243.853366058,129521950.82692847
b8_n8_distinct,8,8,distinct,uint8,1,9,1000,4.161727250000001e-06,4.101991750000001e-06,4.230764000000001e-06,0.030942020527654775,4.161727250000001e-06,240284.84807600014,1922278.7846080011
b8_n8_distinct,8,8,distinct,uint8,10,9,1000,6.224148076923078e-06,6.083858846153847e-06,6.306457692307693e-06,0.035763745239153835,6.224148076923078e-07,1606645.5804733238,12853164.64378659
b8_n8_distinct,8,8,distinct,uint8,100,9,1000,2.2515672580645163e-05,2.229727741935484e-05,2.4775159677419357e-05,0.11005144301994095,2.2515672580645164e-07,4441350.7809649715,35530806.24771977
b8_n8_distinct,8,8,distinct,uint8,1000,9,1000,0.00019475193827160495,0.00019211275308641976,0.00019534444444444446,0.016593885466329575,1.9475193827160494e-07,5134737.085930205,41077896.68744164
b8_n8_duplicates_allowed,8,8,duplicates_allowed,int64,1,9,1000,4.127719750000001e-06,4.071384e-06,4.1856525000000005e-06,0.027683202087544916,4.127719750000001e-06,242264.50935773915,1938116.0748619132
b8_n8_duplicates_allowed,8,8,duplicates_allowed,int64,10,9,1000,5.158716774193549e-06,5.049567096774194e-06,5.222271290322581e-06,0.033478130532836964,5.158716774193549e-07,1938466.5678924152,15507732.543139322
b8_n8_duplicates_allowed,8,8,duplicates_allowed,int64,100,9,1000,1.1225237500000001e-05,1.0836356944444445e-05,1.54669875e-05,0.4125196064275302,1.1225237500000002e-07,8908497.481679117,71267979.85343294
b8_n8_duplicates_allowed,8,8,duplicates_allowed,int64,1000,9,1000,5.7547500000000004e-05,5.7049024e-05,5.8954992000000005e-05,0.03311990963986279,5.7547500000000006e-08,17376949.476519395,139015595.81215516
b8_n8_duplicates_allowed,8,8,duplicates_allowed,uint8,1,9,1000,4.28114825e-06,4.1907640000000005e-06,4.30734025e-06,0.027230136214040218,4.28114825e-06,233582.19374907188,1868657.549992575
b8_n8_duplicates_allowed,8,8,duplicates_allowed,uint8,10,9,1000,6.1994062962962975e-06,6.176044814814815e-06,6.36173e-06,0.029952091589176607,6.199406296296297e-07,1613057.6900523985,12904461.520419188
b8_n8_duplicates_allowed,8,8,duplicates_allowed,uint8,100,9,1000,2.3717739682539686e-05,2.3487850793650795e-05,2.420318888888889e-05,0.03016046658799893,2.3717739682539685e-07,4216253.375679687,33730027.00543749
b8_n8_duplicates_allowed,8,8,duplicates_allowed,uint8,1000,9,1000,0.00019464138271604937,0.0001923406049382716,0.0002015644567901235,0.04738895564314811,1.9464138271604937e-07,5137653.596814198,41101228.77451359
b8_n16_distinct,8,16,distinct,int64,1,9,1000,4.055701e-06,3.98908e-06,4.106863500000001e-06,0.029041465334846098,4.055701e-06,246566.49984799174,3945063.997567868
b8_n16_distinct,8,16,distinct,int64,10,9,1000,5.24734e-06,5.2098112000000005e-06,5.375842400000001e-06,0.03164102192730037,5.24734e-07,1905727.4733484013,30491639.57357442
b8_n16_distinct,8,16,distinct,int64,100,9,1000,1.6402958571428572e-05,1.5933648571428573e-05,1.7803067142857143e-05,0.11396837730754315,1.6402958571428573e-07,6096461.169766325,97543378.7162612
b8_n16_distinct,8,16,distinct,int64,1000,9,1000,0.00010641703529411767,0.00010605188235294118,0.00010799648235294117,0.018273390107377715,1.0641703529411767e-07,9396991.724456321,150351867.59130114
b8_n16_distinct,8,16,distinct,uint8,1,9,1000,4.928181e-06,4.314391250000001e-06,5.554165250000001e-06,0.251568276408679,4.928181e-06,202914.62509189497,3246634.0014703195
b8_n16_distinct,8,16,distinct,uint8,10,9,1000,6.321421200000001e-06,6.2804468e-06,6.3236004e-06,0.006826566152560638,6.321421200000001e-07,1581922.7486376006,25310763.97820161
b8_n16_distinct,8,16,distinct,uint8,100,9,1000,2.7036849090909094e-05,2.6762596363636366e-05,2.7182523636363638e-05,0.015531664629828057,2.7036849090909096e-07,3698655.847941398,59178493.56706237
b8_n16_distinct,8,16,distinct,uint8,1000,9,1000,0.00024578245714285715,0.00023950838571428574,0.000248394,0.03615235354470239,2.457824571428572e-07,4068638.631189068,65098218.099025086
b8_n16_duplicates_allowed,8,16,duplicates_allowed,int64,1,9,1000,4.565456500000001e-06,4.42759525e-06,4.660403e-06,0.05099331249788494,4.565456500000001e-06,219036.1467686747,3504578.348298795
b8_n16_duplicates_allowed,8,16,duplicates_allowed,int64,10,9,1000,5.5314076000000006e-06,5.4529248e-06,5.663812400000001e-06,0.038125485455094775,5.531407600000001e-07,1807858.0938421532,28925729.50147445
b8_n16_duplicates_allowed,8,16,duplicates_allowed,int64,100,9,1000,1.649264918032787e-05,1.6181111475409835e-05,1.6778129508196723e-05,0.03619903790223099,1.6492649180327868e-07,6063307.289606219,97012916.6336995
b8_n16_duplicates_allowed,8,16,duplicates_allowed,int64,1000,9,1000,0.00011511613750000002,0.00011084341250000001,0.000116505625,0.04918695695466668,1.1511613750000002e-07,8686879.369975386,138990069.91960618
b8_n16_duplicates_allowed,8,16,duplicates_allowed,uint8,1,9,1000,4.109846e-06,4.087564750000001e-06,4.2903745e-06,0.049347286978635975,4.109846e-06,243318.11946238374,3893089.91139814
b8_n16_duplicates_allowed,8,16,duplicates_allowed,uint8,10,9,1000,6.452474761904762e-06,6.3516504761904766e-06,6.545262857142857e-06,0.030005910615174044,6.452474761904763e-07,1549792.966109644,24796687.457754303
b8_n16_duplicates_allowed,8,16,duplicates_allowed,uint8,100,9,1000,2.761121481481482e-05,2.6855366666666667e-05,2.775873518518519e-05,0.03271744921682397,2.761121481481482e-07,3621716.779601632,57947468.473626114
b8_n16_duplicates_allowed,8,16,duplicates_allowed,uint8,1000,9,1000,0.00023785197142857145,0.00023452408571428572,0.0002495225142857143,0.06305782744345552,2.3785197142857144e-07,4204295.612913625,67268729.806618
b8_n32_distinct,8,32,distinct,int64,1,9,1000,4.47665875e-06,4.421613000000001e-06,4.49855975e-06,0.017188433226008035,4.47665875e-06,223380.88647029438,7148188.36704942
b8_n32_distinct,8,32,distinct,int64,10,9,1000,1.0098696666666667e-05,9.714134e-06,1.1049370666666667e-05,0.1322187120516212,1.0098696666666667e-06,990226.7916420897,31687257.33254687
b8_n32_distinct,8,32,distinct,int64,100,9,1000,5.5531123529411764e-05,5.34793705882353e-05,5.613821764705882e-05,0.047880303689790786,5.553112352941177e-07,1800791.9459262432,57625342.26963978
b8_n32_distinct,8,32,distinct,int64,1000,9,1000,0.00045890405882352943,0.00045526558823529413,0.0004660740294117647,0.023552725169133763,4.5890405882352944e-07,2179104.7186718127,69731350.997498
b8_n32_distinct,8,32,distinct,uint8,1,9,1000,4.21090125e-06,4.18797175e-06,4.22504025e-06,0.00880298487170663,4.21090125e-06,237478.85325023948,7599323.304007663
b8_n32_distinct,8,32,distinct,uint8,10,9,1000,7.1511417391304345e-06,7.11467347826087e-06,7.167240000000001e-06,0.007350787280790668,7.151141739130435e-07,1398378.1002802472,44748099.20896791
b8_n32_distinct,8,32,distinct,uint8,100,9,1000,3.409386521739131e-05,3.365402608695652e-05,3.472536739130435e-05,0.03142328678536961,3.409386521739131e-07,2933078.9971267297,93858527.90805535
b8_n32_distinct,8,32,distinct,uint8,1000,9,1000,0.0003266808510638298,0.00031769829787234045,0.0003418864255319149,0.07404207372671609,3.266808510638298e-07,3061091.5722287353,97954930.31131953
b8_n32_duplicates_allowed,8,32,duplicates_allowed,int64,1,9,1000,4.53990225e-06,4.45569725e-06,4.716262e-06,0.05739435248853649,4.53990225e-06,220269.0597578395,7048609.912250864
b8_n32_duplicates_allowed,8,32,duplicates_allowed,int64,10,9,1000,9.488131428571429e-06,9.213421428571429e-06,9.516580714285715e-06,0.03195142141490458,9.488131428571429e-07,1053948.301125677,33726345.636021666
b8_n32_duplicates_allowed,8,32,duplicates_allowed,int64,100,9,1000,5.279301034482759e-05,5.262071034482759e-05,5.3267172413793105e-05,0.012245220811297268,5.279301034482759e-07,1894190.1465143014,60614084.688457645
b8_n32_duplicates_allowed,8,32,duplicates_allowed,int64,1000,9,1000,0.0004650325151515152,0.00045420487878787883,0.0004730646666666667,0.040555847740330636,4.650325151515152e-07,2150387.268456236,68812392.59059955
b8_n32_duplicates_allowed,8,32,duplicates_allowed,uint8,1,9,1000,4.4221015e-06,4.4082305000000005e-06,4.484446000000001e-06,0.017235131305783035,4.4221015e-06,226136.82657442393,7236378.450381566
b8_n32_duplicates_allowed,8,32,duplicates_allowed,uint8,10,9,1000,7.719913157894737e-06,7.453744210526317e-06,7.744131052631579e-06,0.03761529905401836,7.719913157894737e-07,1295351.3589428843,41451243.486172296
b8_n32_duplicates_allowed,8,32,duplicates_allowed,uint8,100,9,1000,3.391315652173913e-05,3.361849347826087e-05,3.4099895652173914e-05,0.014195144990542412,3.3913156521739133e-07,2948708.119690883,94358659.83010826
b8_n32_duplicates_allowed,8,32,duplicates_allowed,uint8,1000,9,1000,0.0003290618,0.0003213516888888889,0.0003469048444444445,0.0776545790351708,3.2906180000000003e-07,3038942.8368774494,97246170.78007838
b8_n64_distinct,8,64,distinct,int64,1,9,1000,5.199329666666667e-06,5.137856666666667e-06,5.311252666666668e-06,0.03334968373166579,5.199329666666667e-06,192332.48593777057,12309279.100017317
b8_n64_distinct,8,64,distinct,int64,10,9,1000,1.5959666666666666e-05,1.5735615555555557e-05,1.6417416666666666e-05,0.04272026010011335,1.5959666666666666e-06,626579.5024958751,40101088.15973601
b8_n64_distinct,8,64,distinct,int64,100,9,1000,0.00012403013636363638,0.00012171626363636365,0.00012519026363636365,0.028009321781399907,1.2403013636363638e-06,806255.6644041422,51600362.5218651
b8_n64_distinct,8,64,distinct,int64,1000,9,1000,0.001160024142857143,0.0011418244285714286,0.0011738172142857143,0.027579413679690672,1.160024142857143e-06,862051.0238148983,55171265.52415349
b8_n64_distinct,8,64,distinct,uint8,1,9,1000,4.711462250000001e-06,4.615997750000001e-06,4.72899625e-06,0.02398374305132102,4.711462250000001e-06,212248.3311842305,13583893.195790753
b8_n64_distinct,8,64,distinct,uint8,10,9,1000,8.598731666666667e-06,8.53073388888889e-06,8.978668333333333e-06,0.05209308323701726,8.598731666666667e-07,1162962.2120626704,74429581.5720109
b8_n64_distinct,8,64,distinct,uint8,100,9,1000,5.6033628571428574e-05,5.4614285714285716e-05,5.72323e-05,0.046722197945417404,5.603362857142857e-07,1784642.589628575,114217125.7362288
b8_n64_distinct,8,64,distinct,uint8,1000,9,1000,0.00044739602857142856,0.0004392462571428572,0.00046938505714285713,0.06736492520113674,4.473960285714286e-07,2235156.1840928276,143049995.78194097
b8_n64_duplicates_allowed,8,64,duplicates_allowed,int64,1,9,1000,5.2465633333333335e-06,5.2237353333333335e-06,5.458424333333334e-06,0.04473194834205763,5.2465633333333335e-06,190600.95846868647,12198461.341995934
b8_n64_duplicates_allowed,8,64,duplicates_allowed,int64,10,9,1000,1.6330879e-05,1.6078177000000002e-05,1.6655300000000003e-05,0.035339371505967394,1.6330878999999998e-06,612336.910952558,39189562.300963715
b8_n64_duplicates_allowed,8,64,duplicates_allowed,int64,100,9,1000,0.00012683353333333333,0.00012324418333333335,0.00013663063333333334,0.10554346037824898,1.2683353333333332e-06,788435.024806794,50459841.58763482
b8_n64_duplicates_allowed,8,64,duplicates_allowed,int64,1000,9,1000,0.0010883908461538463,0.0010857299230769232,0.0011374482307692309,0.04751813916394993,1.0883908461538462e-06,918787.5876885572,58802405.61206766
b8_n64_duplicates_allowed,8,64,duplicates_allowed,uint8,1,9,1000,4.699750750000001e-06,4.6677720000000005e-06,4.715995250000001e-06,0.010260810107855204,4.699750750000001e-06,212777.24143136738,13617743.451607512
b8_n64_duplicates_allowed,8,64,duplicates_allowed,uint8,10,9,1000,8.89145888888889e-06,8.701309444444446e-06,9.00013388888889e-06,0.033608033077436414,8.89145888888889e-07,1124674.8283902416,71979189.01697546
b8_n64_duplicates_allowed,8,64,duplicates_allowed,uint8,100,9,1000,5.3348651612903234e-05,5.225392903225807e-05,5.3672919354838715e-05,0.026598429007668508,5.334865161290323e-07,1874461.6213657663,119965543.76740904
b8_n64_duplicates_allowed,8,64,duplicates_allowed,uint8,1000,9,1000,0.00044484787500000003,0.00044432959375000005,0.00044601903125,0.00379778705248387,4.4484787500000004e-07,2247959.4850262012,143869407.04167688
b8_n128_distinct,8,128,distinct,int64,1,9,1000,6.995327333333333e-06,6.878834000000001e-06,7.0952290000000004e-06,0.03093422075745607,6.995327333333333e-06,142952.5670993142,18297928.58871222
b8_n128_distinct,8,128,distinct,int64,10,9,1000,3.802756600000001e-05,3.626137e-05,3.8099438e-05,0.0483351471929599,3.802756600000001e-06,262967.13284252794,33659793.003843576
b8_n128_distinct,8,128,distinct,int64,100,9,1000,0.000320816,0.00031661904000000003,0.00033736648,0.06467083935963285,3.2081600000000002e-06,311705.15186274995,39898259.43843199
b8_n128_distinct,8,128,distinct,int64,1000,9,1000,0.0031606118,0.0029352144,0.0032903424,0.11236052463007325,3.1606118e-06,316394.4398359836,40498488.2990059
b8_n128_distinct,8,128,distinct,uint8,1,9,1000,4.585148250000001e-06,4.47696175e-06,4.648905e-06,0.037500041574446356,4.585148250000001e-06,218095.4563464769,27916218.41234904
b8_n128_distinct,8,128,distinct,uint8,10,9,1000,1.5204590714285714e-05,1.2603606428571428e-05,1.6979652142857143e-05,0.2878108195424249,1.5204590714285715e-06,657696.0990212214,84185100.67471634
b8_n128_distinct,8,128,distinct,uint8,100,9,1000,7.771203e-05,7.690881500000001e-05,7.780687500000001e-05,0.011556254546432445,7.771203000000001e-07,1286802.0562582137,164710663.20105135
b8_n128_distinct,8,128,distinct,uint8,1000,9,1000,0.0007891006470588236,0.0007875040588235294,0.0008514515882352943,0.081038495723091,7.891006470588236e-07,1267265.466993661,162209979.7751886
b8_n128_duplicates_allowed,8,128,duplicates_allowed,int64,1,9,1000,6.835373e-06,6.8041593333333335e-06,6.929011666666667e-06,0.018265621105583232,6.835373e-06,146297.7953068545,18726117.799277376
b8_n128_duplicates_allowed,8,128,duplicates_allowed,int64,10,9,1000,3.7245892e-05,3.7036366000000004e-05,3.744747e-05,0.011037566236834863,3.7245892e-06,268485.98497788695,34366206.07716953
b8_n128_duplicates_allowed,8,128,duplicates_allowed,int64,100,9,1000,0.00030429632000000004,0.00029877396,0.00031059288,0.03884016737369674,3.0429632000000003e-06,328627.04353440745,42064261.57240415
b8_n128_duplicates_allowed,8,128,duplicates_allowed,int64,1000,9,1000,0.0029614982,0.0028831636,0.0030327222,0.050500993044669054,2.9614982e-06,337666.928178447,43221366.80684122
b8_n128_duplicates_allowed,8,128,duplicates_allowed,uint8,1,9,1000,4.6863245e-06,4.6811940000000004e-06,4.845821e-06,0.03512923614231148,4.6863245e-06,213386.84506375945,27313516.16816121
b8_n128_duplicates_allowed,8,128,duplicates_allowed,uint8,10,9,1000,1.171574142857143e-05,1.1598385000000001e-05,1.1996358571428571e-05,0.03396913237245262,1.171574142857143e-06,853552.4670775668,109254715.78592855
b8_n128_duplicates_allowed,8,128,duplicates_allowed,uint8,100,9,1000,8.255822105263158e-05,8.223884210526316e-05,8.289167368421054e-05,0.007907529627257744,8.255822105263158e-07,1211266.4096316844,155042100.4328556
b8_n128_duplicates_allowed,8,128,duplicates_allowed,uint8,1000,9,1000,0.0007589707142857142,0.000753203380952381,0.000773597619047619,0.02687091571699385,7.589707142857142e-07,1317573.8947201993,168649458.5241855
b8_n256_distinct,8,256,distinct,int64,1,9,1000,1.19036835e-05,1.16231735e-05,1.2265327000000001e-05,0.05394578073249356,1.19036835e-05,84007.60991335161,21505948.137818012
b8_n256_distinct,8,256,distinct,int64,10,9,1000,7.988832000000001e-05,7.6834845e-05,8.088778500000001e-05,0.05073257267144941,7.988832000000001e-06,125174.74394254376,32044734.449291203
b8_n256_distinct,8,256,distinct,int64,100,9,1000,0.0007616211666666668,0.0007404430666666668,0.0008108110333333334,0.09239234641369161,7.616211666666668e-06,131298.87190197574,33612511.20690579
b8_n256_distinct,8,256,distinct,int64,1000,9,1000,0.008851659000000001,0.008686869500000001,0.009768463500000001,0.12219110564471584,8.851659000000002e-06,112973.17259962227,28921132.1855033
b8_n256_distinct,8,256,distinct,uint8,1,9,1000,5.262586333333334e-06,5.185032e-06,5.745348000000001e-06,0.10647160246112207,5.262586333333334e-06,190020.63560762483,48645282.71555196
b8_n256_distinct,8,256,distinct,uint8,10,9,1000,1.8295182222222222e-05,1.8107041111111112e-05,1.882594222222222e-05,0.03929455866462465,1.8295182222222223e-06,546591.9868157154,139927548.62482315
b8_n256_distinct,8,256,distinct,uint8,100,9,1000,0.0001457408111111111,0.00014263254444444446,0.00015077744444444446,0.05588619919090766,1.4574081111111111e-06,686149.6051628336,175654298.9216854
b8_n256_distinct,8,256,distinct,uint8,1000,9,1000,0.001407789,0.0013716105454545456,0.0014234218181818183,0.036803294192008,1.407789e-06,710333.7218858792,181845432.80278507
b8_n256_duplicates_allowed,8,256,duplicates_allowed,int64,1,9,1000,1.122827e-05,1.11189295e-05,1.1471063e-05,0.03136133171004968,1.122827e-05,89060.91499402847,22799594.23847129
b8_n256_duplicates_allowed,8,256,duplicates_allowed,int64,10,9,1000,7.490593e-05,7.4296355e-05,7.555832e-05,0.01684733104575308,7.490593e-06,133500.77891029455,34176199.401035406
b8_n256_duplicates_allowed,8,256,duplicates_allowed,int64,100,9,1000,0.0007321385000000001,0.0007215865,0.0007561672333333334,0.04723250222920033,7.3213850000000005e-06,136586.17870799036,34966061.74924553
b8_n256_duplicates_allowed,8,256,duplicates_allowed,int64,1000,9,1000,0.008264905000000001,0.0079986415,0.0089221105,0.11173377068459947,8.264905000000001e-06,120993.52624137844,30974342.71779288
b8_n256_duplicates_allowed,8,256,duplicates_allowed,uint8,1,9,1000,5.177556666666667e-06,5.1555936666666665e-06,5.248971666666667e-06,0.018035147852880504,5.177556666666667e-06,193141.29508964007,49444171.54294786
b8_n256_duplicates_allowed,8,256,duplicates_allowed,uint8,10,9,1000,1.7000856666666668e-05,1.6916127777777778e-05,1.720823777777778e-05,0.017182075334635144,1.7000856666666667e-06,588205.6531661052,150580647.21052292
b8_n256_duplicates_allowed,8,256,duplicates_allowed,uint8,100,9,1000,0.00014024510833333335,0.00013970546666666669,0.00014146921666666667,0.012576196210764959,1.4024510833333335e-06,713037.3471730712,182537560.87630624
b8_n256_duplicates_allowed,8,256,duplicates_allowed,uint8,1000,9,1000,0.0016796369166666668,0.0014363409166666668,0.0016841220833333336,0.1475206720023768,1.6796369166666669e-06,595366.7665179423,152413892.22859323
