case_id,architecture,key_bits,input_bits,output_bits,key_min,key_max,n,family,mode,noise_output_lsb,trials,correct_sorts,success_fraction,ci_low,ci_high,stable_sorts,stable_success,valid_outputs,valid_output_fraction,comparisons,false_ties,sign_reversals,saturations,input_sha256,noise_seed_context
b4_n2_distinct_ideal_Beyette,Beyette,4,4,4,0,15,2,distinct,ideal,0,1000,1000,1.0,0.996173241514445,1.0,1000,1.0,1000,1.0,1000,0,0,0,9d124934ecb8c2ac90f48c4adc50f8d1687436a24be230a31c67948068a7c690,"[20260930, 4, 4, 4, 2, 0, 0, 1]"
b4_n2_distinct_ideal_Desmulliez,Desmulliez,4,4,4,0,15,2,distinct,ideal,0,1000,1000,1.0,0.996173241514445,1.0,1000,1.0,1000,1.0,1000,0,0,0,9d124934ecb8c2ac90f48c4adc50f8d1687436a24be230a31c67948068a7c690,"[20260930, 4, 4, 4, 2, 0, 0, 1]"
b4_n2_distinct_ideal_Louri,Louri,4,4,4,0,15,2,distinct,ideal,0,1000,1000,1.0,0.996173241514445,1.0,1000,1.0,1000,1.0,1000,0,0,0,9d124934ecb8c2ac90f48c4adc50f8d1687436a24be230a31c67948068a7c690,"[20260930, 4, 4, 4, 2, 0, 0, 2]"
b4_n2_distinct_quantized_Beyette,Beyette,4,4,4,0,15,2,distinct,quantized,0,1000,943,0.943,0.9268629323405141,0.9557465596412841,943,0.943,1000,1.0,1000,124,0,5,9d124934ecb8c2ac90f48c4adc50f8d1687436a24be230a31c67948068a7c690,"[20260930, 4, 4, 4, 2, 0, 1, 1]"
b4_n2_distinct_quantized_Desmulliez,Desmulliez,4,4,4,0,15,2,distinct,quantized,0,1000,943,0.943,0.9268629323405141,0.9557465596412841,943,0.943,1000,1.0,1000,124,0,5,9d124934ecb8c2ac90f48c4adc50f8d1687436a24be230a31c67948068a7c690,"[20260930, 4, 4, 4, 2, 0, 1, 1]"
b4_n2_distinct_quantized_Louri,Louri,4,4,4,0,15,2,distinct,quantized,0,1000,943,0.943,0.9268629323405141,0.9557465596412841,943,0.943,1000,1.0,1000,124,0,5,9d124934ecb8c2ac90f48c4adc50f8d1687436a24be230a31c67948068a7c690,"[20260930, 4, 4, 4, 2, 0, 1, 2]"
b4_n2_distinct_quantized_noise_Beyette,Beyette,4,4,4,0,15,2,distinct,quantized_noise,0.25,1000,973,0.973,0.9610012692469598,0.9813786172257051,973,0.973,1000,1.0,1000,61,0,4,9d124934ecb8c2ac90f48c4adc50f8d1687436a24be230a31c67948068a7c690,"[20260930, 4, 4, 4, 2, 0, 2, 1]"
b4_n2_distinct_quantized_noise_Desmulliez,Desmulliez,4,4,4,0,15,2,distinct,quantized_noise,0.25,1000,973,0.973,0.9610012692469598,0.9813786172257051,973,0.973,1000,1.0,1000,61,0,4,9d124934ecb8c2ac90f48c4adc50f8d1687436a24be230a31c67948068a7c690,"[20260930, 4, 4, 4, 2, 0, 2, 1]"
b4_n2_distinct_quantized_noise_Louri,Louri,4,4,4,0,15,2,distinct,quantized_noise,0.25,1000,970,0.97,0.9574965858524128,0.9789062611711653,970,0.97,1000,1.0,1000,67,0,3,9d124934ecb8c2ac90f48c4adc50f8d1687436a24be230a31c67948068a7c690,"[20260930, 4, 4, 4, 2, 0, 2, 2]"
b4_n2_duplicates_allowed_ideal_Beyette,Beyette,4,4,4,0,15,2,duplicates_allowed,ideal,0,1000,1000,1.0,0.996173241514445,1.0,1000,1.0,1000,1.0,1000,0,0,0,46b4cfd15f677c5075042239b9675275246d65178477adcf2da5d76621b86c7e,"[20260930, 4, 4, 4, 2, 1, 0, 1]"
b4_n2_duplicates_allowed_ideal_Desmulliez,Desmulliez,4,4,4,0,15,2,duplicates_allowed,ideal,0,1000,1000,1.0,0.996173241514445,1.0,1000,1.0,1000,1.0,1000,0,0,0,46b4cfd15f677c5075042239b9675275246d65178477adcf2da5d76621b86c7e,"[20260930, 4, 4, 4, 2, 1, 0, 1]"
b4_n2_duplicates_allowed_ideal_Louri,Louri,4,4,4,0,15,2,duplicates_allowed,ideal,0,1000,1000,1.0,0.996173241514445,1.0,1000,1.0,1000,1.0,1000,0,0,0,46b4cfd15f677c5075042239b9675275246d65178477adcf2da5d76621b86c7e,"[20260930, 4, 4, 4, 2, 1, 0, 2]"
b4_n2_duplicates_allowed_quantized_Beyette,Beyette,4,4,4,0,15,2,duplicates_allowed,quantized,0,1000,947,0.947,0.9313253831625082,0.9592534947514054,947,0.947,1000,1.0,1000,109,0,5,46b4cfd15f677c5075042239b9675275246d65178477adcf2da5d76621b86c7e,"[20260930, 4, 4, 4, 2, 1, 1, 1]"
b4_n2_duplicates_allowed_quantized_Desmulliez,Desmulliez,4,4,4,0,15,2,duplicates_allowed,quantized,0,1000,947,0.947,0.9313253831625082,0.9592534947514054,947,0.947,1000,1.0,1000,109,0,5,46b4cfd15f677c5075042239b9675275246d65178477adcf2da5d76621b86c7e,"[20260930, 4, 4, 4, 2, 1, 1, 1]"
b4_n2_duplicates_allowed_quantized_Louri,Louri,4,4,4,0,15,2,duplicates_allowed,quantized,0,1000,947,0.947,0.9313253831625082,0.9592534947514054,947,0.947,1000,1.0,1000,109,0,5,46b4cfd15f677c5075042239b9675275246d65178477adcf2da5d76621b86c7e,"[20260930, 4, 4, 4, 2, 1, 1, 2]"
b4_n2_duplicates_allowed_quantized_noise_Beyette,Beyette,4,4,4,0,15,2,duplicates_allowed,quantized_noise,0.25,1000,976,0.976,0.9645370943883885,0.9838198315333629,975,0.975,1000,1.0,1000,51,0,4,46b4cfd15f677c5075042239b9675275246d65178477adcf2da5d76621b86c7e,"[20260930, 4, 4, 4, 2, 1, 2, 1]"
b4_n2_duplicates_allowed_quantized_noise_Desmulliez,Desmulliez,4,4,4,0,15,2,duplicates_allowed,quantized_noise,0.25,1000,976,0.976,0.9645370943883885,0.9838198315333629,975,0.975,1000,1.0,1000,51,0,4,46b4cfd15f677c5075042239b9675275246d65178477adcf2da5d76621b86c7e,"[20260930, 4, 4, 4, 2, 1, 2, 1]"
b4_n2_duplicates_allowed_quantized_noise_Louri,Louri,4,4,4,0,15,2,duplicates_allowed,quantized_noise,0.25,1000,971,0.971,0.9586616416633058,0.9797335518433012,969,0.969,1000,1.0,1000,57,0,4,46b4cfd15f677c5075042239b9675275246d65178477adcf2da5d76621b86c7e,"[20260930, 4, 4, 4, 2, 1, 2, 2]"
b4_n4_distinct_ideal_Beyette,Beyette,4,4,4,0,15,4,distinct,ideal,0,1000,1000,1.0,0.996173241514445,1.0,1000,1.0,1000,1.0,6000,0,0,0,a5b822cfa23039a8f9a5cf7ea86ae2d82a984e2f2c754509b227ebbed5b1cbf7,"[20260930, 4, 4, 4, 4, 0, 0, 1]"
b4_n4_distinct_ideal_Desmulliez,Desmulliez,4,4,4,0,15,4,distinct,ideal,0,1000,1000,1.0,0.996173241514445,1.0,1000,1.0,1000,1.0,6000,0,0,0,a5b822cfa23039a8f9a5cf7ea86ae2d82a984e2f2c754509b227ebbed5b1cbf7,"[20260930, 4, 4, 4, 4, 0, 0, 1]"
b4_n4_distinct_ideal_Louri,Louri,4,4,4,0,15,4,distinct,ideal,0,1000,1000,1.0,0.996173241514445,1.0,1000,1.0,1000,1.0,6000,0,0,0,a5b822cfa23039a8f9a5cf7ea86ae2d82a984e2f2c754509b227ebbed5b1cbf7,"[20260930, 4, 4, 4, 4, 0, 0, 2]"
b4_n4_distinct_quantized_Beyette,Beyette,4,4,4,0,15,4,distinct,quantized,0,1000,624,0.624,0.5935575899582508,0.6534933739373314,624,0.624,1000,1.0,6000,914,0,35,a5b822cfa23039a8f9a5cf7ea86ae2d82a984e2f2c754509b227ebbed5b1cbf7,"[20260930, 4, 4, 4, 4, 0, 1, 1]"
b4_n4_distinct_quantized_Desmulliez,Desmulliez,4,4,4,0,15,4,distinct,quantized,0,1000,624,0.624,0.5935575899582508,0.6534933739373314,624,0.624,1000,1.0,6000,914,0,35,a5b822cfa23039a8f9a5cf7ea86ae2d82a984e2f2c754509b227ebbed5b1cbf7,"[20260930, 4, 4, 4, 4, 0, 1, 1]"
b4_n4_distinct_quantized_Louri,Louri,4,4,4,0,15,4,distinct,quantized,0,1000,624,0.624,0.5935575899582508,0.6534933739373314,624,0.624,989,0.989,6000,777,0,36,a5b822cfa23039a8f9a5cf7ea86ae2d82a984e2f2c754509b227ebbed5b1cbf7,"[20260930, 4, 4, 4, 4, 0, 1, 2]"
b4_n4_distinct_quantized_noise_Beyette,Beyette,4,4,4,0,15,4,distinct,quantized_noise,0.25,1000,807,0.807,0.781383383844143,0.8302669864457263,807,0.807,1000,1.0,6000,497,0,18,a5b822cfa23039a8f9a5cf7ea86ae2d82a984e2f2c754509b227ebbed5b1cbf7,"[20260930, 4, 4, 4, 4, 0, 2, 1]"
b4_n4_distinct_quantized_noise_Desmulliez,Desmulliez,4,4,4,0,15,4,distinct,quantized_noise,0.25,1000,807,0.807,0.781383383844143,0.8302669864457263,807,0.807,1000,1.0,6000,497,0,18,a5b822cfa23039a8f9a5cf7ea86ae2d82a984e2f2c754509b227ebbed5b1cbf7,"[20260930, 4, 4, 4, 4, 0, 2, 1]"
b4_n4_distinct_quantized_noise_Louri,Louri,4,4,4,0,15,4,distinct,quantized_noise,0.25,1000,789,0.789,0.7626295063588951,0.813158627236454,789,0.789,997,0.997,6000,413,1,20,a5b822cfa23039a8f9a5cf7ea86ae2d82a984e2f2c754509b227ebbed5b1cbf7,"[20260930, 4, 4, 4, 4, 0, 2, 2]"
b4_n4_duplicates_allowed_ideal_Beyette,Beyette,4,4,4,0,15,4,duplicates_allowed,ideal,0,1000,1000,1.0,0.996173241514445,1.0,1000,1.0,1000,1.0,6000,0,0,0,b6d9c994587bf6c956cd5c257060eb4b4cd01dab40eb86b8154cf697bd2a24a9,"[20260930, 4, 4, 4, 4, 1, 0, 1]"
b4_n4_duplicates_allowed_ideal_Desmulliez,Desmulliez,4,4,4,0,15,4,duplicates_allowed,ideal,0,1000,1000,1.0,0.996173241514445,1.0,1000,1.0,1000,1.0,6000,0,0,0,b6d9c994587bf6c956cd5c257060eb4b4cd01dab40eb86b8154cf697bd2a24a9,"[20260930, 4, 4, 4, 4, 1, 0, 1]"
b4_n4_duplicates_allowed_ideal_Louri,Louri,4,4,4,0,15,4,duplicates_allowed,ideal,0,1000,1000,1.0,0.996173241514445,1.0,1000,1.0,1000,1.0,6000,0,0,0,b6d9c994587bf6c956cd5c257060eb4b4cd01dab40eb86b8154cf697bd2a24a9,"[20260930, 4, 4, 4, 4, 1, 0, 2]"
b4_n4_duplicates_allowed_quantized_Beyette,Beyette,4,4,4,0,15,4,duplicates_allowed,quantized,0,1000,700,0.7,0.6708761390827828,0.7275931575229951,700,0.7,1000,1.0,6000,840,0,14,b6d9c994587bf6c956cd5c257060eb4b4cd01dab40eb86b8154cf697bd2a24a9,"[20260930, 4, 4, 4, 4, 1, 1, 1]"
b4_n4_duplicates_allowed_quantized_Desmulliez,Desmulliez,4,4,4,0,15,4,duplicates_allowed,quantized,0,1000,700,0.7,0.6708761390827828,0.7275931575229951,700,0.7,1000,1.0,6000,840,0,14,b6d9c994587bf6c956cd5c257060eb4b4cd01dab40eb86b8154cf697bd2a24a9,"[20260930, 4, 4, 4, 4, 1, 1, 1]"
b4_n4_duplicates_allowed_quantized_Louri,Louri,4,4,4,0,15,4,duplicates_allowed,quantized,0,1000,700,0.7,0.6708761390827828,0.7275931575229951,700,0.7,986,0.986,6000,725,0,15,b6d9c994587bf6c956cd5c257060eb4b4cd01dab40eb86b8154cf697bd2a24a9,"[20260930, 4, 4, 4, 4, 1, 1, 2]"
b4_n4_duplicates_allowed_quantized_noise_Beyette,Beyette,4,4,4,0,15,4,duplicates_allowed,quantized_noise,0.25,1000,843,0.843,0.8191441706597944,0.8642306730191147,834,0.834,1000,1.0,6000,427,0,5,b6d9c994587bf6c956cd5c257060eb4b4cd01dab40eb86b8154cf697bd2a24a9,"[20260930, 4, 4, 4, 4, 1, 2, 1]"
b4_n4_duplicates_allowed_quantized_noise_Desmulliez,Desmulliez,4,4,4,0,15,4,duplicates_allowed,quantized_noise,0.25,1000,843,0.843,0.8191441706597944,0.8642306730191147,834,0.834,1000,1.0,6000,427,0,5,b6d9c994587bf6c956cd5c257060eb4b4cd01dab40eb86b8154cf697bd2a24a9,"[20260930, 4, 4, 4, 4, 1, 2, 1]"
b4_n4_duplicates_allowed_quantized_noise_Louri,Louri,4,4,4,0,15,4,duplicates_allowed,quantized_noise,0.25,1000,832,0.832,0.8075669791195391,0.8538920532460522,826,0.826,990,0.99,6000,349,0,8,b6d9c994587bf6c956cd5c257060eb4b4cd01dab40eb86b8154cf697bd2a24a9,"[20260930, 4, 4, 4, 4, 1, 2, 2]"
b4_n8_distinct_ideal_Beyette,Beyette,4,4,4,0,15,8,distinct,ideal,0,1000,1000,1.0,0.996173241514445,1.0,1000,1.0,1000,1.0,24000,0,0,0,a49a86ad42ffb96b0c3e5f30d4aa649f21eed6a9878f608a3640dccaef2b09ad,"[20260930, 4, 4, 4, 8, 0, 0, 1]"
b4_n8_distinct_ideal_Desmulliez,Desmulliez,4,4,4,0,15,8,distinct,ideal,0,1000,1000,1.0,0.996173241514445,1.0,1000,1.0,1000,1.0,24000,0,0,0,a49a86ad42ffb96b0c3e5f30d4aa649f21eed6a9878f608a3640dccaef2b09ad,"[20260930, 4, 4, 4, 8, 0, 0, 1]"
b4_n8_distinct_ideal_Louri,Louri,4,4,4,0,15,8,distinct,ideal,0,1000,1000,1.0,0.996173241514445,1.0,1000,1.0,1000,1.0,28000,0,0,0,a49a86ad42ffb96b0c3e5f30d4aa649f21eed6a9878f608a3640dccaef2b09ad,"[20260930, 4, 4, 4, 8, 0, 0, 2]"
b4_n8_distinct_quantized_Beyette,Beyette,4,4,4,0,15,8,distinct,quantized,0,1000,77,0.077,0.062047907060605895,0.09518953061817373,77,0.077,1000,1.0,24000,4235,0,110,a49a86ad42ffb96b0c3e5f30d4aa649f21eed6a9878f608a3640dccaef2b09ad,"[20260930, 4, 4, 4, 8, 0, 1, 1]"
b4_n8_distinct_quantized_Desmulliez,Desmulliez,4,4,4,0,15,8,distinct,quantized,0,1000,77,0.077,0.062047907060605895,0.09518953061817373,77,0.077,1000,1.0,24000,4235,0,110,a49a86ad42ffb96b0c3e5f30d4aa649f21eed6a9878f608a3640dccaef2b09ad,"[20260930, 4, 4, 4, 8, 0, 1, 1]"
b4_n8_distinct_quantized_Louri,Louri,4,4,4,0,15,8,distinct,quantized,0,1000,77,0.077,0.062047907060605895,0.09518953061817373,77,0.077,798,0.798,28000,3474,0,129,a49a86ad42ffb96b0c3e5f30d4aa649f21eed6a9878f608a3640dccaef2b09ad,"[20260930, 4, 4, 4, 8, 0, 1, 2]"
b4_n8_distinct_quantized_noise_Beyette,Beyette,4,4,4,0,15,8,distinct,quantized_noise,0.25,1000,348,0.348,0.3191094001531461,0.37805393442646257,348,0.348,1000,1.0,24000,2233,0,60,a49a86ad42ffb96b0c3e5f30d4aa649f21eed6a9878f608a3640dccaef2b09ad,"[20260930, 4, 4, 4, 8, 0, 2, 1]"
b4_n8_distinct_quantized_noise_Desmulliez,Desmulliez,4,4,4,0,15,8,distinct,quantized_noise,0.25,1000,348,0.348,0.3191094001531461,0.37805393442646257,348,0.348,1000,1.0,24000,2233,0,60,a49a86ad42ffb96b0c3e5f30d4aa649f21eed6a9878f608a3640dccaef2b09ad,"[20260930, 4, 4, 4, 8, 0, 2, 1]"
b4_n8_distinct_quantized_noise_Louri,Louri,4,4,4,0,15,8,distinct,quantized_noise,0.25,1000,359,0.359,0.32985959695418837,0.38921954893873817,359,0.359,941,0.941,28000,1787,0,66,a49a86ad42ffb96b0c3e5f30d4aa649f21eed6a9878f608a3640dccaef2b09ad,"[20260930, 4, 4, 4, 8, 0, 2, 2]"
b4_n8_duplicates_allowed_ideal_Beyette,Beyette,4,4,4,0,15,8,duplicates_allowed,ideal,0,1000,1000,1.0,0.996173241514445,1.0,1000,1.0,1000,1.0,24000,0,0,0,77ba6aadc447e8aa867271951f2c3d5fed31b0e8cd5c5c0cb3cba01043727803,"[20260930, 4, 4, 4, 8, 1, 0, 1]"
b4_n8_duplicates_allowed_ideal_Desmulliez,Desmulliez,4,4,4,0,15,8,duplicates_allowed,ideal,0,1000,1000,1.0,0.996173241514445,1.0,1000,1.0,1000,1.0,24000,0,0,0,77ba6aadc447e8aa867271951f2c3d5fed31b0e8cd5c5c0cb3cba01043727803,"[20260930, 4, 4, 4, 8, 1, 0, 1]"
b4_n8_duplicates_allowed_ideal_Louri,Louri,4,4,4,0,15,8,duplicates_allowed,ideal,0,1000,1000,1.0,0.996173241514445,1.0,1000,1.0,1000,1.0,28000,0,0,0,77ba6aadc447e8aa867271951f2c3d5fed31b0e8cd5c5c0cb3cba01043727803,"[20260930, 4, 4, 4, 8, 1, 0, 2]"
b4_n8_duplicates_allowed_quantized_Beyette,Beyette,4,4,4,0,15,8,duplicates_allowed,quantized,0,1000,201,0.201,0.17732721504227128,0.22696118653209074,201,0.201,1000,1.0,24000,3804,0,85,77ba6aadc447e8aa867271951f2c3d5fed31b0e8cd5c5c0cb3cba01043727803,"[20260930, 4, 4, 4, 8, 1, 1, 1]"
b4_n8_duplicates_allowed_quantized_Desmulliez,Desmulliez,4,4,4,0,15,8,duplicates_allowed,quantized,0,1000,201,0.201,0.17732721504227128,0.22696118653209074,201,0.201,1000,1.0,24000,3804,0,85,77ba6aadc447e8aa867271951f2c3d5fed31b0e8cd5c5c0cb3cba01043727803,"[20260930, 4, 4, 4, 8, 1, 1, 1]"
b4_n8_duplicates_allowed_quantized_Louri,Louri,4,4,4,0,15,8,duplicates_allowed,quantized,0,1000,201,0.201,0.17732721504227128,0.22696118653209074,201,0.201,849,0.849,28000,3318,0,109,77ba6aadc447e8aa867271951f2c3d5fed31b0e8cd5c5c0cb3cba01043727803,"[20260930, 4, 4, 4, 8, 1, 1, 2]"
b4_n8_duplicates_allowed_quantized_noise_Beyette,Beyette,4,4,4,0,15,8,duplicates_allowed,quantized_noise,0.25,1000,445,0.445,0.41446705005753576,0.4759538933758753,413,0.413,1000,1.0,24000,1988,0,48,77ba6aadc447e8aa867271951f2c3d5fed31b0e8cd5c5c0cb3cba01043727803,"[20260930, 4, 4, 4, 8, 1, 2, 1]"
b4_n8_duplicates_allowed_quantized_noise_Desmulliez,Desmulliez,4,4,4,0,15,8,duplicates_allowed,quantized_noise,0.25,1000,445,0.445,0.41446705005753576,0.4759538933758753,413,0.413,1000,1.0,24000,1988,0,48,77ba6aadc447e8aa867271951f2c3d5fed31b0e8cd5c5c0cb3cba01043727803,"[20260930, 4, 4, 4, 8, 1, 2, 1]"
b4_n8_duplicates_allowed_quantized_noise_Louri,Louri,4,4,4,0,15,8,duplicates_allowed,quantized_noise,0.25,1000,419,0.419,0.3887865610288496,0.4498333738458103,404,0.404,845,0.845,28000,1689,0,56,77ba6aadc447e8aa867271951f2c3d5fed31b0e8cd5c5c0cb3cba01043727803,"[20260930, 4, 4, 4, 8, 1, 2, 2]"
b4_n16_distinct_ideal_Beyette,Beyette,4,4,4,0,15,16,distinct,ideal,0,1000,1000,1.0,0.996173241514445,1.0,1000,1.0,1000,1.0,80000,0,0,0,0f5209aa939da6ae6a082960b6d9a01a05c5f20c8669e48f682e635716659ef5,"[20260930, 4, 4, 4, 16, 0, 0, 1]"
b4_n16_distinct_ideal_Desmulliez,Desmulliez,4,4,4,0,15,16,distinct,ideal,0,1000,1000,1.0,0.996173241514445,1.0,1000,1.0,1000,1.0,80000,0,0,0,0f5209aa939da6ae6a082960b6d9a01a05c5f20c8669e48f682e635716659ef5,"[20260930, 4, 4, 4, 16, 0, 0, 1]"
b4_n16_distinct_ideal_Louri,Louri,4,4,4,0,15,16,distinct,ideal,0,1000,1000,1.0,0.996173241514445,1.0,1000,1.0,1000,1.0,120000,0,0,0,0f5209aa939da6ae6a082960b6d9a01a05c5f20c8669e48f682e635716659ef5,"[20260930, 4, 4, 4, 16, 0, 0, 2]"
b4_n16_distinct_quantized_Beyette,Beyette,4,4,4,0,15,16,distinct,quantized,0,1000,0,0.0,2.168404344971009e-19,0.0038267584855551234,0,0.0,1000,1.0,80000,17275,0,363,0f5209aa939da6ae6a082960b6d9a01a05c5f20c8669e48f682e635716659ef5,"[20260930, 4, 4, 4, 16, 0, 1, 1]"
b4_n16_distinct_quantized_Desmulliez,Desmulliez,4,4,4,0,15,16,distinct,quantized,0,1000,0,0.0,2.168404344971009e-19,0.0038267584855551234,0,0.0,1000,1.0,80000,17275,0,363,0f5209aa939da6ae6a082960b6d9a01a05c5f20c8669e48f682e635716659ef5,"[20260930, 4, 4, 4, 16, 0, 1, 1]"
b4_n16_distinct_quantized_Louri,Louri,4,4,4,0,15,16,distinct,quantized,0,1000,0,0.0,2.168404344971009e-19,0.0038267584855551234,0,0.0,66,0.066,120000,15000,0,500,0f5209aa939da6ae6a082960b6d9a01a05c5f20c8669e48f682e635716659ef5,"[20260930, 4, 4, 4, 16, 0, 1, 2]"
b4_n16_distinct_quantized_noise_Beyette,Beyette,4,4,4,0,15,16,distinct,quantized_noise,0.25,1000,2,0.002,0.000548643588120728,0.007262807863492177,2,0.002,1000,1.0,80000,9655,0,235,0f5209aa939da6ae6a082960b6d9a01a05c5f20c8669e48f682e635716659ef5,"[20260930, 4, 4, 4, 16, 0, 2, 1]"
b4_n16_distinct_quantized_noise_Desmulliez,Desmulliez,4,4,4,0,15,16,distinct,quantized_noise,0.25,1000,2,0.002,0.000548643588120728,0.007262807863492177,2,0.002,1000,1.0,80000,9655,0,235,0f5209aa939da6ae6a082960b6d9a01a05c5f20c8669e48f682e635716659ef5,"[20260930, 4, 4, 4, 16, 0, 2, 1]"
b4_n16_distinct_quantized_noise_Louri,Louri,4,4,4,0,15,16,distinct,quantized_noise,0.25,1000,8,0.008,0.004059195818806103,0.015706334530980144,8,0.008,544,0.544,120000,7885,1,261,0f5209aa939da6ae6a082960b6d9a01a05c5f20c8669e48f682e635716659ef5,"[20260930, 4, 4, 4, 16, 0, 2, 2]"
b4_n16_duplicates_allowed_ideal_Beyette,Beyette,4,4,4,0,15,16,duplicates_allowed,ideal,0,1000,1000,1.0,0.996173241514445,1.0,1000,1.0,1000,1.0,80000,0,0,0,1bd59b8ae4bd6e37dd5d021b08b5c2abccd409721ad99272a291731e1dcd3806,"[20260930, 4, 4, 4, 16, 1, 0, 1]"
b4_n16_duplicates_allowed_ideal_Desmulliez,Desmulliez,4,4,4,0,15,16,duplicates_allowed,ideal,0,1000,1000,1.0,0.996173241514445,1.0,1000,1.0,1000,1.0,80000,0,0,0,1bd59b8ae4bd6e37dd5d021b08b5c2abccd409721ad99272a291731e1dcd3806,"[20260930, 4, 4, 4, 16, 1, 0, 1]"
b4_n16_duplicates_allowed_ideal_Louri,Louri,4,4,4,0,15,16,duplicates_allowed,ideal,0,1000,1000,1.0,0.996173241514445,1.0,1000,1.0,1000,1.0,120000,0,0,0,1bd59b8ae4bd6e37dd5d021b08b5c2abccd409721ad99272a291731e1dcd3806,"[20260930, 4, 4, 4, 16, 1, 0, 2]"
b4_n16_duplicates_allowed_quantized_Beyette,Beyette,4,4,4,0,15,16,duplicates_allowed,quantized,0,1000,4,0.004,0.0015565881404084308,0.010239556277262253,4,0.004,1000,1.0,80000,14647,0,283,1bd59b8ae4bd6e37dd5d021b08b5c2abccd409721ad99272a291731e1dcd3806,"[20260930, 4, 4, 4, 16, 1, 1, 1]"
b4_n16_duplicates_allowed_quantized_Desmulliez,Desmulliez,4,4,4,0,15,16,duplicates_allowed,quantized,0,1000,4,0.004,0.0015565881404084308,0.010239556277262253,4,0.004,1000,1.0,80000,14647,0,283,1bd59b8ae4bd6e37dd5d021b08b5c2abccd409721ad99272a291731e1dcd3806,"[20260930, 4, 4, 4, 16, 1, 1, 1]"
b4_n16_duplicates_allowed_quantized_Louri,Louri,4,4,4,0,15,16,duplicates_allowed,quantized,0,1000,4,0.004,0.0015565881404084308,0.010239556277262253,4,0.004,336,0.336,120000,14182,0,414,1bd59b8ae4bd6e37dd5d021b08b5c2abccd409721ad99272a291731e1dcd3806,"[20260930, 4, 4, 4, 16, 1, 1, 2]"
b4_n16_duplicates_allowed_quantized_noise_Beyette,Beyette,4,4,4,0,15,16,duplicates_allowed,quantized_noise,0.25,1000,39,0.039,0.028658960904180485,0.052869310419501346,30,0.03,1000,1.0,80000,7544,1,161,1bd59b8ae4bd6e37dd5d021b08b5c2abccd409721ad99272a291731e1dcd3806,"[20260930, 4, 4, 4, 16, 1, 2, 1]"
b4_n16_duplicates_allowed_quantized_noise_Desmulliez,Desmulliez,4,4,4,0,15,16,duplicates_allowed,quantized_noise,0.25,1000,39,0.039,0.028658960904180485,0.052869310419501346,30,0.03,1000,1.0,80000,7544,1,161,1bd59b8ae4bd6e37dd5d021b08b5c2abccd409721ad99272a291731e1dcd3806,"[20260930, 4, 4, 4, 16, 1, 2, 1]"
b4_n16_duplicates_allowed_quantized_noise_Louri,Louri,4,4,4,0,15,16,duplicates_allowed,quantized_noise,0.25,1000,30,0.03,0.0210937388288347,0.042503414147587126,28,0.028,338,0.338,120000,7440,0,224,1bd59b8ae4bd6e37dd5d021b08b5c2abccd409721ad99272a291731e1dcd3806,"[20260930, 4, 4, 4, 16, 1, 2, 2]"
b8_n2_distinct_ideal_Beyette,Beyette,8,8,8,0,255,2,distinct,ideal,0,1000,1000,1.0,0.996173241514445,1.0,1000,1.0,1000,1.0,1000,0,0,0,6887b230c8f5b882177818d5277a061aec79c3d3d060cb7a4b5834cedad6d285,"[20260930, 8, 8, 8, 2, 0, 0, 1]"
b8_n2_distinct_ideal_Desmulliez,Desmulliez,8,8,8,0,255,2,distinct,ideal,0,1000,1000,1.0,0.996173241514445,1.0,1000,1.0,1000,1.0,1000,0,0,0,6887b230c8f5b882177818d5277a061aec79c3d3d060cb7a4b5834cedad6d285,"[20260930, 8, 8, 8, 2, 0, 0, 1]"
b8_n2_distinct_ideal_Louri,Louri,8,8,8,0,255,2,distinct,ideal,0,1000,1000,1.0,0.996173241514445,1.0,1000,1.0,1000,1.0,1000,0,0,0,6887b230c8f5b882177818d5277a061aec79c3d3d060cb7a4b5834cedad6d285,"[20260930, 8, 8, 8, 2, 0, 0, 2]"
b8_n2_distinct_quantized_Beyette,Beyette,8,8,8,0,255,2,distinct,quantized,0,1000,997,0.997,0.9912169859464969,0.9989792161188614,997,0.997,1000,1.0,1000,9,0,0,6887b230c8f5b882177818d5277a061aec79c3d3d060cb7a4b5834cedad6d285,"[20260930, 8, 8, 8, 2, 0, 1, 1]"
b8_n2_distinct_quantized_Desmulliez,Desmulliez,8,8,8,0,255,2,distinct,quantized,0,1000,997,0.997,0.9912169859464969,0.9989792161188614,997,0.997,1000,1.0,1000,9,0,0,6887b230c8f5b882177818d5277a061aec79c3d3d060cb7a4b5834cedad6d285,"[20260930, 8, 8, 8, 2, 0, 1, 1]"
b8_n2_distinct_quantized_Louri,Louri,8,8,8,0,255,2,distinct,quantized,0,1000,997,0.997,0.9912169859464969,0.9989792161188614,997,0.997,1000,1.0,1000,9,0,0,6887b230c8f5b882177818d5277a061aec79c3d3d060cb7a4b5834cedad6d285,"[20260930, 8, 8, 8, 2, 0, 1, 2]"
b8_n2_distinct_quantized_noise_Beyette,Beyette,8,8,8,0,255,2,distinct,quantized_noise,0.25,1000,1000,1.0,0.996173241514445,1.0,1000,1.0,1000,1.0,1000,2,0,0,6887b230c8f5b882177818d5277a061aec79c3d3d060cb7a4b5834cedad6d285,"[20260930, 8, 8, 8, 2, 0, 2, 1]"
b8_n2_distinct_quantized_noise_Desmulliez,Desmulliez,8,8,8,0,255,2,distinct,quantized_noise,0.25,1000,1000,1.0,0.996173241514445,1.0,1000,1.0,1000,1.0,1000,2,0,0,6887b230c8f5b882177818d5277a061aec79c3d3d060cb7a4b5834cedad6d285,"[20260930, 8, 8, 8, 2, 0, 2, 1]"
b8_n2_distinct_quantized_noise_Louri,Louri,8,8,8,0,255,2,distinct,quantized_noise,0.25,1000,998,0.998,0.9927371921365079,0.9994513564118793,998,0.998,1000,1.0,1000,6,0,0,6887b230c8f5b882177818d5277a061aec79c3d3d060cb7a4b5834cedad6d285,"[20260930, 8, 8, 8, 2, 0, 2, 2]"
b8_n2_duplicates_allowed_ideal_Beyette,Beyette,8,8,8,0,255,2,duplicates_allowed,ideal,0,1000,1000,1.0,0.996173241514445,1.0,1000,1.0,1000,1.0,1000,0,0,0,4366440412f639ce5777c2a954bc54c89b5620ddf63f27ce495827eb0b9f8bdf,"[20260930, 8, 8, 8, 2, 1, 0, 1]"
b8_n2_duplicates_allowed_ideal_Desmulliez,Desmulliez,8,8,8,0,255,2,duplicates_allowed,ideal,0,1000,1000,1.0,0.996173241514445,1.0,1000,1.0,1000,1.0,1000,0,0,0,4366440412f639ce5777c2a954bc54c89b5620ddf63f27ce495827eb0b9f8bdf,"[20260930, 8, 8, 8, 2, 1, 0, 1]"
b8_n2_duplicates_allowed_ideal_Louri,Louri,8,8,8,0,255,2,duplicates_allowed,ideal,0,1000,1000,1.0,0.996173241514445,1.0,1000,1.0,1000,1.0,1000,0,0,0,4366440412f639ce5777c2a954bc54c89b5620ddf63f27ce495827eb0b9f8bdf,"[20260930, 8, 8, 8, 2, 1, 0, 2]"
b8_n2_duplicates_allowed_quantized_Beyette,Beyette,8,8,8,0,255,2,duplicates_allowed,quantized,0,1000,994,0.994,0.9869718317581478,0.9972473308581237,994,0.994,1000,1.0,1000,12,0,0,4366440412f639ce5777c2a954bc54c89b5620ddf63f27ce495827eb0b9f8bdf,"[20260930, 8, 8, 8, 2, 1, 1, 1]"
b8_n2_duplicates_allowed_quantized_Desmulliez,Desmulliez,8,8,8,0,255,2,duplicates_allowed,quantized,0,1000,994,0.994,0.9869718317581478,0.9972473308581237,994,0.994,1000,1.0,1000,12,0,0,4366440412f639ce5777c2a954bc54c89b5620ddf63f27ce495827eb0b9f8bdf,"[20260930, 8, 8, 8, 2, 1, 1, 1]"
b8_n2_duplicates_allowed_quantized_Louri,Louri,8,8,8,0,255,2,duplicates_allowed,quantized,0,1000,994,0.994,0.9869718317581478,0.9972473308581237,994,0.994,1000,1.0,1000,12,0,0,4366440412f639ce5777c2a954bc54c89b5620ddf63f27ce495827eb0b9f8bdf,"[20260930, 8, 8, 8, 2, 1, 1, 2]"
b8_n2_duplicates_allowed_quantized_noise_Beyette,Beyette,8,8,8,0,255,2,duplicates_allowed,quantized_noise,0.25,1000,996,0.996,0.9897604437227377,0.9984434118595916,996,0.996,1000,1.0,1000,7,0,0,4366440412f639ce5777c2a954bc54c89b5620ddf63f27ce495827eb0b9f8bdf,"[20260930, 8, 8, 8, 2, 1, 2, 1]"
b8_n2_duplicates_allowed_quantized_noise_Desmulliez,Desmulliez,8,8,8,0,255,2,duplicates_allowed,quantized_noise,0.25,1000,996,0.996,0.9897604437227377,0.9984434118595916,996,0.996,1000,1.0,1000,7,0,0,4366440412f639ce5777c2a954bc54c89b5620ddf63f27ce495827eb0b9f8bdf,"[20260930, 8, 8, 8, 2, 1, 2, 1]"
b8_n2_duplicates_allowed_quantized_noise_Louri,Louri,8,8,8,0,255,2,duplicates_allowed,quantized_noise,0.25,1000,995,0.995,0.9883490446266249,0.9978624644726756,995,0.995,1000,1.0,1000,8,0,0,4366440412f639ce5777c2a954bc54c89b5620ddf63f27ce495827eb0b9f8bdf,"[20260930, 8, 8, 8, 2, 1, 2, 2]"
b8_n4_distinct_ideal_Beyette,Beyette,8,8,8,0,255,4,distinct,ideal,0,1000,1000,1.0,0.996173241514445,1.0,1000,1.0,1000,1.0,6000,0,0,0,25247cb898d7e9e0c75a893804f654fe071dd8c909007142859d461fd721dc20,"[20260930, 8, 8, 8, 4, 0, 0, 1]"
b8_n4_distinct_ideal_Desmulliez,Desmulliez,8,8,8,0,255,4,distinct,ideal,0,1000,1000,1.0,0.996173241514445,1.0,1000,1.0,1000,1.0,6000,0,0,0,25247cb898d7e9e0c75a893804f654fe071dd8c909007142859d461fd721dc20,"[20260930, 8, 8, 8, 4, 0, 0, 1]"
b8_n4_distinct_ideal_Louri,Louri,8,8,8,0,255,4,distinct,ideal,0,1000,1000,1.0,0.996173241514445,1.0,1000,1.0,1000,1.0,6000,0,0,0,25247cb898d7e9e0c75a893804f654fe071dd8c909007142859d461fd721dc20,"[20260930, 8, 8, 8, 4, 0, 0, 2]"
b8_n4_distinct_quantized_Beyette,Beyette,8,8,8,0,255,4,distinct,quantized,0,1000,977,0.977,0.9657235493377733,0.9846257230670071,977,0.977,1000,1.0,6000,67,0,0,25247cb898d7e9e0c75a893804f654fe071dd8c909007142859d461fd721dc20,"[20260930, 8, 8, 8, 4, 0, 1, 1]"
b8_n4_distinct_quantized_Desmulliez,Desmulliez,8,8,8,0,255,4,distinct,quantized,0,1000,977,0.977,0.9657235493377733,0.9846257230670071,977,0.977,1000,1.0,6000,67,0,0,25247cb898d7e9e0c75a893804f654fe071dd8c909007142859d461fd721dc20,"[20260930, 8, 8, 8, 4, 0, 1, 1]"
b8_n4_distinct_quantized_Louri,Louri,8,8,8,0,255,4,distinct,quantized,0,1000,977,0.977,0.9657235493377733,0.9846257230670071,977,0.977,1000,1.0,6000,55,0,0,25247cb898d7e9e0c75a893804f654fe071dd8c909007142859d461fd721dc20,"[20260930, 8, 8, 8, 4, 0, 1, 2]"
b8_n4_distinct_quantized_noise_Beyette,Beyette,8,8,8,0,255,4,distinct,quantized_noise,0.25,1000,990,0.99,0.9816905311296853,0.9945592455544707,990,0.99,1000,1.0,6000,31,0,0,25247cb898d7e9e0c75a893804f654fe071dd8c909007142859d461fd721dc20,"[20260930, 8, 8, 8, 4, 0, 2, 1]"
b8_n4_distinct_quantized_noise_Desmulliez,Desmulliez,8,8,8,0,255,4,distinct,quantized_noise,0.25,1000,990,0.99,0.9816905311296853,0.9945592455544707,990,0.99,1000,1.0,6000,31,0,0,25247cb898d7e9e0c75a893804f654fe071dd8c909007142859d461fd721dc20,"[20260930, 8, 8, 8, 4, 0, 2, 1]"
b8_n4_distinct_quantized_noise_Louri,Louri,8,8,8,0,255,4,distinct,quantized_noise,0.25,1000,986,0.986,0.9766379658824644,0.9916424248695761,986,0.986,1000,1.0,6000,33,0,0,25247cb898d7e9e0c75a893804f654fe071dd8c909007142859d461fd721dc20,"[20260930, 8, 8, 8, 4, 0, 2, 2]"
b8_n4_duplicates_allowed_ideal_Beyette,Beyette,8,8,8,0,255,4,duplicates_allowed,ideal,0,1000,1000,1.0,0.996173241514445,1.0,1000,1.0,1000,1.0,6000,0,0,0,c09bdc5407d97f853f9c367e1f37284b4b6628570a9703918810028708241641,"[20260930, 8, 8, 8, 4, 1, 0, 1]"
b8_n4_duplicates_allowed_ideal_Desmulliez,Desmulliez,8,8,8,0,255,4,duplicates_allowed,ideal,0,1000,1000,1.0,0.996173241514445,1.0,1000,1.0,1000,1.0,6000,0,0,0,c09bdc5407d97f853f9c367e1f37284b4b6628570a9703918810028708241641,"[20260930, 8, 8, 8, 4, 1, 0, 1]"
b8_n4_duplicates_allowed_ideal_Louri,Louri,8,8,8,0,255,4,duplicates_allowed,ideal,0,1000,1000,1.0,0.996173241514445,1.0,1000,1.0,1000,1.0,6000,0,0,0,c09bdc5407d97f853f9c367e1f37284b4b6628570a9703918810028708241641,"[20260930, 8, 8, 8, 4, 1, 0, 2]"
b8_n4_duplicates_allowed_quantized_Beyette,Beyette,8,8,8,0,255,4,duplicates_allowed,quantized,0,1000,975,0.975,0.9633547107321566,0.9830098687065659,975,0.975,1000,1.0,6000,63,0,0,c09bdc5407d97f853f9c367e1f37284b4b6628570a9703918810028708241641,"[20260930, 8, 8, 8, 4, 1, 1, 1]"
b8_n4_duplicates_allowed_quantized_Desmulliez,Desmulliez,8,8,8,0,255,4,duplicates_allowed,quantized,0,1000,975,0.975,0.9633547107321566,0.9830098687065659,975,0.975,1000,1.0,6000,63,0,0,c09bdc5407d97f853f9c367e1f37284b4b6628570a9703918810028708241641,"[20260930, 8, 8, 8, 4, 1, 1, 1]"
b8_n4_duplicates_allowed_quantized_Louri,Louri,8,8,8,0,255,4,duplicates_allowed,quantized,0,1000,975,0.975,0.9633547107321566,0.9830098687065659,975,0.975,1000,1.0,6000,55,0,0,c09bdc5407d97f853f9c367e1f37284b4b6628570a9703918810028708241641,"[20260930, 8, 8, 8, 4, 1, 1, 2]"
b8_n4_duplicates_allowed_quantized_noise_Beyette,Beyette,8,8,8,0,255,4,duplicates_allowed,quantized_noise,0.25,1000,987,0.987,0.9778855576244203,0.9923871796106489,985,0.985,1000,1.0,6000,29,0,0,c09bdc5407d97f853f9c367e1f37284b4b6628570a9703918810028708241641,"[20260930, 8, 8, 8, 4, 1, 2, 1]"
b8_n4_duplicates_allowed_quantized_noise_Desmulliez,Desmulliez,8,8,8,0,255,4,duplicates_allowed,quantized_noise,0.25,1000,987,0.987,0.9778855576244203,0.9923871796106489,985,0.985,1000,1.0,6000,29,0,0,c09bdc5407d97f853f9c367e1f37284b4b6628570a9703918810028708241641,"[20260930, 8, 8, 8, 4, 1, 2, 1]"
b8_n4_duplicates_allowed_quantized_noise_Louri,Louri,8,8,8,0,255,4,duplicates_allowed,quantized_noise,0.25,1000,981,0.981,0.9705155440876868,0.9878031142492091,980,0.98,1000,1.0,6000,39,0,0,c09bdc5407d97f853f9c367e1f37284b4b6628570a9703918810028708241641,"[20260930, 8, 8, 8, 4, 1, 2, 2]"
b8_n8_distinct_ideal_Beyette,Beyette,8,8,8,0,255,8,distinct,ideal,0,1000,1000,1.0,0.996173241514445,1.0,1000,1.0,1000,1.0,24000,0,0,0,906e92e2f0cc99b07954fc0486b404768302eec07ade54a000847c569b11c23b,"[20260930, 8, 8, 8, 8, 0, 0, 1]"
b8_n8_distinct_ideal_Desmulliez,Desmulliez,8,8,8,0,255,8,distinct,ideal,0,1000,1000,1.0,0.996173241514445,1.0,1000,1.0,1000,1.0,24000,0,0,0,906e92e2f0cc99b07954fc0486b404768302eec07ade54a000847c569b11c23b,"[20260930, 8, 8, 8, 8, 0, 0, 1]"
b8_n8_distinct_ideal_Louri,Louri,8,8,8,0,255,8,distinct,ideal,0,1000,1000,1.0,0.996173241514445,1.0,1000,1.0,1000,1.0,28000,0,0,0,906e92e2f0cc99b07954fc0486b404768302eec07ade54a000847c569b11c23b,"[20260930, 8, 8, 8, 8, 0, 0, 2]"
b8_n8_distinct_quantized_Beyette,Beyette,8,8,8,0,255,8,distinct,quantized,0,1000,891,0.891,0.8701675082488096,0.9088399666154863,891,0.891,1000,1.0,24000,275,0,0,906e92e2f0cc99b07954fc0486b404768302eec07ade54a000847c569b11c23b,"[20260930, 8, 8, 8, 8, 0, 1, 1]"
b8_n8_distinct_quantized_Desmulliez,Desmulliez,8,8,8,0,255,8,distinct,quantized,0,1000,891,0.891,0.8701675082488096,0.9088399666154863,891,0.891,1000,1.0,24000,275,0,0,906e92e2f0cc99b07954fc0486b404768302eec07ade54a000847c569b11c23b,"[20260930, 8, 8, 8, 8, 0, 1, 1]"
b8_n8_distinct_quantized_Louri,Louri,8,8,8,0,255,8,distinct,quantized,0,1000,891,0.891,0.8701675082488096,0.9088399666154863,891,0.891,1000,1.0,28000,210,0,0,906e92e2f0cc99b07954fc0486b404768302eec07ade54a000847c569b11c23b,"[20260930, 8, 8, 8, 8, 0, 1, 2]"
b8_n8_distinct_quantized_noise_Beyette,Beyette,8,8,8,0,255,8,distinct,quantized_noise,0.25,1000,945,0.945,0.9290916123226243,0.9575025726252315,945,0.945,1000,1.0,24000,144,0,0,906e92e2f0cc99b07954fc0486b404768302eec07ade54a000847c569b11c23b,"[20260930, 8, 8, 8, 8, 0, 2, 1]"
b8_n8_distinct_quantized_noise_Desmulliez,Desmulliez,8,8,8,0,255,8,distinct,quantized_noise,0.25,1000,945,0.945,0.9290916123226243,0.9575025726252315,945,0.945,1000,1.0,24000,144,0,0,906e92e2f0cc99b07954fc0486b404768302eec07ade54a000847c569b11c23b,"[20260930, 8, 8, 8, 8, 0, 2, 1]"
b8_n8_distinct_quantized_noise_Louri,Louri,8,8,8,0,255,8,distinct,quantized_noise,0.25,1000,951,0.951,0.9358092984933898,0.9627389653526394,951,0.951,1000,1.0,28000,96,0,0,906e92e2f0cc99b07954fc0486b404768302eec07ade54a000847c569b11c23b,"[20260930, 8, 8, 8, 8, 0, 2, 2]"
b8_n8_duplicates_allowed_ideal_Beyette,Beyette,8,8,8,0,255,8,duplicates_allowed,ideal,0,1000,1000,1.0,0.996173241514445,1.0,1000,1.0,1000,1.0,24000,0,0,0,fc3b33024cd97e5eec84b6cb9f057668221ca29c311bc69f1c2ca799987fca7d,"[20260930, 8, 8, 8, 8, 1, 0, 1]"
b8_n8_duplicates_allowed_ideal_Desmulliez,Desmulliez,8,8,8,0,255,8,duplicates_allowed,ideal,0,1000,1000,1.0,0.996173241514445,1.0,1000,1.0,1000,1.0,24000,0,0,0,fc3b33024cd97e5eec84b6cb9f057668221ca29c311bc69f1c2ca799987fca7d,"[20260930, 8, 8, 8, 8, 1, 0, 1]"
b8_n8_duplicates_allowed_ideal_Louri,Louri,8,8,8,0,255,8,duplicates_allowed,ideal,0,1000,1000,1.0,0.996173241514445,1.0,1000,1.0,1000,1.0,28000,0,0,0,fc3b33024cd97e5eec84b6cb9f057668221ca29c311bc69f1c2ca799987fca7d,"[20260930, 8, 8, 8, 8, 1, 0, 2]"
b8_n8_duplicates_allowed_quantized_Beyette,Beyette,8,8,8,0,255,8,duplicates_allowed,quantized,0,1000,893,0.893,0.8723150421383737,0.91067712569198,893,0.893,1000,1.0,24000,296,0,1,fc3b33024cd97e5eec84b6cb9f057668221ca29c311bc69f1c2ca799987fca7d,"[20260930, 8, 8, 8, 8, 1, 1, 1]"
b8_n8_duplicates_allowed_quantized_Desmulliez,Desmulliez,8,8,8,0,255,8,duplicates_allowed,quantized,0,1000,893,0.893,0.8723150421383737,0.91067712569198,893,0.893,1000,1.0,24000,296,0,1,fc3b33024cd97e5eec84b6cb9f057668221ca29c311bc69f1c2ca799987fca7d,"[20260930, 8, 8, 8, 8, 1, 1, 1]"
b8_n8_duplicates_allowed_quantized_Louri,Louri,8,8,8,0,255,8,duplicates_allowed,quantized,0,1000,893,0.893,0.8723150421383737,0.91067712569198,893,0.893,998,0.998,28000,225,0,1,fc3b33024cd97e5eec84b6cb9f057668221ca29c311bc69f1c2ca799987fca7d,"[20260930, 8, 8, 8, 8, 1, 1, 2]"
b8_n8_duplicates_allowed_quantized_noise_Beyette,Beyette,8,8,8,0,255,8,duplicates_allowed,quantized_noise,0.25,1000,940,0.94,0.9235289252086434,0.953103527324068,936,0.936,1000,1.0,24000,162,0,1,fc3b33024cd97e5eec84b6cb9f057668221ca29c311bc69f1c2ca799987fca7d,"[20260930, 8, 8, 8, 8, 1, 2, 1]"
b8_n8_duplicates_allowed_quantized_noise_Desmulliez,Desmulliez,8,8,8,0,255,8,duplicates_allowed,quantized_noise,0.25,1000,940,0.94,0.9235289252086434,0.953103527324068,936,0.936,1000,1.0,24000,162,0,1,fc3b33024cd97e5eec84b6cb9f057668221ca29c311bc69f1c2ca799987fca7d,"[20260930, 8, 8, 8, 8, 1, 2, 1]"
b8_n8_duplicates_allowed_quantized_noise_Louri,Louri,8,8,8,0,255,8,duplicates_allowed,quantized_noise,0.25,1000,942,0.942,0.9257504237337675,0.9548667217650018,941,0.941,999,0.999,28000,107,0,1,fc3b33024cd97e5eec84b6cb9f057668221ca29c311bc69f1c2ca799987fca7d,"[20260930, 8, 8, 8, 8, 1, 2, 2]"
b8_n16_distinct_ideal_Beyette,Beyette,8,8,8,0,255,16,distinct,ideal,0,1000,1000,1.0,0.996173241514445,1.0,1000,1.0,1000,1.0,80000,0,0,0,a2f89d5f47862e3124456dfec2ef41606e127114e375800b2f50df3971ac9152,"[20260930, 8, 8, 8, 16, 0, 0, 1]"
b8_n16_distinct_ideal_Desmulliez,Desmulliez,8,8,8,0,255,16,distinct,ideal,0,1000,1000,1.0,0.996173241514445,1.0,1000,1.0,1000,1.0,80000,0,0,0,a2f89d5f47862e3124456dfec2ef41606e127114e375800b2f50df3971ac9152,"[20260930, 8, 8, 8, 16, 0, 0, 1]"
b8_n16_distinct_ideal_Louri,Louri,8,8,8,0,255,16,distinct,ideal,0,1000,1000,1.0,0.996173241514445,1.0,1000,1.0,1000,1.0,120000,0,0,0,a2f89d5f47862e3124456dfec2ef41606e127114e375800b2f50df3971ac9152,"[20260930, 8, 8, 8, 16, 0, 0, 2]"
b8_n16_distinct_quantized_Beyette,Beyette,8,8,8,0,255,16,distinct,quantized,0,1000,622,0.622,0.5915339669665516,0.651532303962973,622,0.622,1000,1.0,80000,1283,0,1,a2f89d5f47862e3124456dfec2ef41606e127114e375800b2f50df3971ac9152,"[20260930, 8, 8, 8, 16, 0, 1, 1]"
b8_n16_distinct_quantized_Desmulliez,Desmulliez,8,8,8,0,255,16,distinct,quantized,0,1000,622,0.622,0.5915339669665516,0.651532303962973,622,0.622,1000,1.0,80000,1283,0,1,a2f89d5f47862e3124456dfec2ef41606e127114e375800b2f50df3971ac9152,"[20260930, 8, 8, 8, 16, 0, 1, 1]"
b8_n16_distinct_quantized_Louri,Louri,8,8,8,0,255,16,distinct,quantized,0,1000,622,0.622,0.5915339669665516,0.651532303962973,622,0.622,987,0.987,120000,940,0,1,a2f89d5f47862e3124456dfec2ef41606e127114e375800b2f50df3971ac9152,"[20260930, 8, 8, 8, 16, 0, 1, 2]"
b8_n16_distinct_quantized_noise_Beyette,Beyette,8,8,8,0,255,16,distinct,quantized_noise,0.25,1000,794,0.794,0.7678312571433845,0.8179186088671091,794,0.794,1000,1.0,80000,651,0,1,a2f89d5f47862e3124456dfec2ef41606e127114e375800b2f50df3971ac9152,"[20260930, 8, 8, 8, 16, 0, 2, 1]"
b8_n16_distinct_quantized_noise_Desmulliez,Desmulliez,8,8,8,0,255,16,distinct,quantized_noise,0.25,1000,794,0.794,0.7678312571433845,0.8179186088671091,794,0.794,1000,1.0,80000,651,0,1,a2f89d5f47862e3124456dfec2ef41606e127114e375800b2f50df3971ac9152,"[20260930, 8, 8, 8, 16, 0, 2, 1]"
b8_n16_distinct_quantized_noise_Louri,Louri,8,8,8,0,255,16,distinct,quantized_noise,0.25,1000,770,0.77,0.7429132441380307,0.7950203062797695,770,0.77,998,0.998,120000,506,0,1,a2f89d5f47862e3124456dfec2ef41606e127114e375800b2f50df3971ac9152,"[20260930, 8, 8, 8, 16, 0, 2, 2]"
b8_n16_duplicates_allowed_ideal_Beyette,Beyette,8,8,8,0,255,16,duplicates_allowed,ideal,0,1000,1000,1.0,0.996173241514445,1.0,1000,1.0,1000,1.0,80000,0,0,0,b974457253242a55e4227547fb50c798045ad06aa07e94262b86ddd35f5c6939,"[20260930, 8, 8, 8, 16, 1, 0, 1]"
b8_n16_duplicates_allowed_ideal_Desmulliez,Desmulliez,8,8,8,0,255,16,duplicates_allowed,ideal,0,1000,1000,1.0,0.996173241514445,1.0,1000,1.0,1000,1.0,80000,0,0,0,b974457253242a55e4227547fb50c798045ad06aa07e94262b86ddd35f5c6939,"[20260930, 8, 8, 8, 16, 1, 0, 1]"
b8_n16_duplicates_allowed_ideal_Louri,Louri,8,8,8,0,255,16,duplicates_allowed,ideal,0,1000,1000,1.0,0.996173241514445,1.0,1000,1.0,1000,1.0,120000,0,0,0,b974457253242a55e4227547fb50c798045ad06aa07e94262b86ddd35f5c6939,"[20260930, 8, 8, 8, 16, 1, 0, 2]"
b8_n16_duplicates_allowed_quantized_Beyette,Beyette,8,8,8,0,255,16,duplicates_allowed,quantized,0,1000,659,0.659,0.6290604090928602,0.6877226817087334,659,0.659,1000,1.0,80000,1215,0,4,b974457253242a55e4227547fb50c798045ad06aa07e94262b86ddd35f5c6939,"[20260930, 8, 8, 8, 16, 1, 1, 1]"
b8_n16_duplicates_allowed_quantized_Desmulliez,Desmulliez,8,8,8,0,255,16,duplicates_allowed,quantized,0,1000,659,0.659,0.6290604090928602,0.6877226817087334,659,0.659,1000,1.0,80000,1215,0,4,b974457253242a55e4227547fb50c798045ad06aa07e94262b86ddd35f5c6939,"[20260930, 8, 8, 8, 16, 1, 1, 1]"
b8_n16_duplicates_allowed_quantized_Louri,Louri,8,8,8,0,255,16,duplicates_allowed,quantized,0,1000,659,0.659,0.6290604090928602,0.6877226817087334,659,0.659,993,0.993,120000,872,0,4,b974457253242a55e4227547fb50c798045ad06aa07e94262b86ddd35f5c6939,"[20260930, 8, 8, 8, 16, 1, 1, 2]"
b8_n16_duplicates_allowed_quantized_noise_Beyette,Beyette,8,8,8,0,255,16,duplicates_allowed,quantized_noise,0.25,1000,805,0.805,0.77929577121571,0.8283699061081016,795,0.795,1000,1.0,80000,652,0,2,b974457253242a55e4227547fb50c798045ad06aa07e94262b86ddd35f5c6939,"[20260930, 8, 8, 8, 16, 1, 2, 1]"
b8_n16_duplicates_allowed_quantized_noise_Desmulliez,Desmulliez,8,8,8,0,255,16,duplicates_allowed,quantized_noise,0.25,1000,805,0.805,0.77929577121571,0.8283699061081016,795,0.795,1000,1.0,80000,652,0,2,b974457253242a55e4227547fb50c798045ad06aa07e94262b86ddd35f5c6939,"[20260930, 8, 8, 8, 16, 1, 2, 1]"
b8_n16_duplicates_allowed_quantized_noise_Louri,Louri,8,8,8,0,255,16,duplicates_allowed,quantized_noise,0.25,1000,809,0.809,0.7834719955714221,0.832163067684505,799,0.799,992,0.992,120000,446,0,4,b974457253242a55e4227547fb50c798045ad06aa07e94262b86ddd35f5c6939,"[20260930, 8, 8, 8, 16, 1, 2, 2]"
b8_n32_distinct_ideal_Beyette,Beyette,8,8,8,0,255,32,distinct,ideal,0,1000,1000,1.0,0.996173241514445,1.0,1000,1.0,1000,1.0,240000,0,0,0,132dc04aaefe973d42b13759dd0c734a995a3e1330cf4c0e4c1428c76549acfb,"[20260930, 8, 8, 8, 32, 0, 0, 1]"
b8_n32_distinct_ideal_Desmulliez,Desmulliez,8,8,8,0,255,32,distinct,ideal,0,1000,1000,1.0,0.996173241514445,1.0,1000,1.0,1000,1.0,240000,0,0,0,132dc04aaefe973d42b13759dd0c734a995a3e1330cf4c0e4c1428c76549acfb,"[20260930, 8, 8, 8, 32, 0, 0, 1]"
b8_n32_distinct_ideal_Louri,Louri,8,8,8,0,255,32,distinct,ideal,0,1000,1000,1.0,0.996173241514445,1.0,1000,1.0,1000,1.0,496000,0,0,0,132dc04aaefe973d42b13759dd0c734a995a3e1330cf4c0e4c1428c76549acfb,"[20260930, 8, 8, 8, 32, 0, 0, 2]"
b8_n32_distinct_quantized_Beyette,Beyette,8,8,8,0,255,32,distinct,quantized,0,1000,109,0.109,0.09116003338451377,0.12983249175119035,109,0.109,1000,1.0,240000,5379,0,12,132dc04aaefe973d42b13759dd0c734a995a3e1330cf4c0e4c1428c76549acfb,"[20260930, 8, 8, 8, 32, 0, 1, 1]"
b8_n32_distinct_quantized_Desmulliez,Desmulliez,8,8,8,0,255,32,distinct,quantized,0,1000,109,0.109,0.09116003338451377,0.12983249175119035,109,0.109,1000,1.0,240000,5379,0,12,132dc04aaefe973d42b13759dd0c734a995a3e1330cf4c0e4c1428c76549acfb,"[20260930, 8, 8, 8, 32, 0, 1, 1]"
b8_n32_distinct_quantized_Louri,Louri,8,8,8,0,255,32,distinct,quantized,0,1000,109,0.109,0.09116003338451377,0.12983249175119035,109,0.109,929,0.929,496000,3875,0,12,132dc04aaefe973d42b13759dd0c734a995a3e1330cf4c0e4c1428c76549acfb,"[20260930, 8, 8, 8, 32, 0, 1, 2]"
b8_n32_distinct_quantized_noise_Beyette,Beyette,8,8,8,0,255,32,distinct,quantized_noise,0.25,1000,337,0.337,0.30837644459788477,0.36687107866840624,337,0.337,1000,1.0,240000,2792,0,5,132dc04aaefe973d42b13759dd0c734a995a3e1330cf4c0e4c1428c76549acfb,"[20260930, 8, 8, 8, 32, 0, 2, 1]"
b8_n32_distinct_quantized_noise_Desmulliez,Desmulliez,8,8,8,0,255,32,distinct,quantized_noise,0.25,1000,337,0.337,0.30837644459788477,0.36687107866840624,337,0.337,1000,1.0,240000,2792,0,5,132dc04aaefe973d42b13759dd0c734a995a3e1330cf4c0e4c1428c76549acfb,"[20260930, 8, 8, 8, 32, 0, 2, 1]"
b8_n32_distinct_quantized_noise_Louri,Louri,8,8,8,0,255,32,distinct,quantized_noise,0.25,1000,342,0.342,0.3132528988050859,0.37195635687634954,342,0.342,973,0.973,496000,2043,0,6,132dc04aaefe973d42b13759dd0c734a995a3e1330cf4c0e4c1428c76549acfb,"[20260930, 8, 8, 8, 32, 0, 2, 2]"
b8_n32_duplicates_allowed_ideal_Beyette,Beyette,8,8,8,0,255,32,duplicates_allowed,ideal,0,1000,1000,1.0,0.996173241514445,1.0,1000,1.0,1000,1.0,240000,0,0,0,492f6c7980649ad1b8d8a2d052f5acbdd4898d01a7d3cbc273a295d5b47d38c5,"[20260930, 8, 8, 8, 32, 1, 0, 1]"
b8_n32_duplicates_allowed_ideal_Desmulliez,Desmulliez,8,8,8,0,255,32,duplicates_allowed,ideal,0,1000,1000,1.0,0.996173241514445,1.0,1000,1.0,1000,1.0,240000,0,0,0,492f6c7980649ad1b8d8a2d052f5acbdd4898d01a7d3cbc273a295d5b47d38c5,"[20260930, 8, 8, 8, 32, 1, 0, 1]"
b8_n32_duplicates_allowed_ideal_Louri,Louri,8,8,8,0,255,32,duplicates_allowed,ideal,0,1000,1000,1.0,0.996173241514445,1.0,1000,1.0,1000,1.0,496000,0,0,0,492f6c7980649ad1b8d8a2d052f5acbdd4898d01a7d3cbc273a295d5b47d38c5,"[20260930, 8, 8, 8, 32, 1, 0, 2]"
b8_n32_duplicates_allowed_quantized_Beyette,Beyette,8,8,8,0,255,32,duplicates_allowed,quantized,0,1000,141,0.141,0.12080112670494819,0.1639464858876804,141,0.141,1000,1.0,240000,5362,0,3,492f6c7980649ad1b8d8a2d052f5acbdd4898d01a7d3cbc273a295d5b47d38c5,"[20260930, 8, 8, 8, 32, 1, 1, 1]"
b8_n32_duplicates_allowed_quantized_Desmulliez,Desmulliez,8,8,8,0,255,32,duplicates_allowed,quantized,0,1000,141,0.141,0.12080112670494819,0.1639464858876804,141,0.141,1000,1.0,240000,5362,0,3,492f6c7980649ad1b8d8a2d052f5acbdd4898d01a7d3cbc273a295d5b47d38c5,"[20260930, 8, 8, 8, 32, 1, 1, 1]"
b8_n32_duplicates_allowed_quantized_Louri,Louri,8,8,8,0,255,32,duplicates_allowed,quantized,0,1000,141,0.141,0.12080112670494819,0.1639464858876804,141,0.141,935,0.935,496000,3894,0,5,492f6c7980649ad1b8d8a2d052f5acbdd4898d01a7d3cbc273a295d5b47d38c5,"[20260930, 8, 8, 8, 32, 1, 1, 2]"
b8_n32_duplicates_allowed_quantized_noise_Beyette,Beyette,8,8,8,0,255,32,duplicates_allowed,quantized_noise,0.25,1000,340,0.34,0.31130188230514194,0.36992268041023574,327,0.327,1000,1.0,240000,2792,0,1,492f6c7980649ad1b8d8a2d052f5acbdd4898d01a7d3cbc273a295d5b47d38c5,"[20260930, 8, 8, 8, 32, 1, 2, 1]"
b8_n32_duplicates_allowed_quantized_noise_Desmulliez,Desmulliez,8,8,8,0,255,32,duplicates_allowed,quantized_noise,0.25,1000,340,0.34,0.31130188230514194,0.36992268041023574,327,0.327,1000,1.0,240000,2792,0,1,492f6c7980649ad1b8d8a2d052f5acbdd4898d01a7d3cbc273a295d5b47d38c5,"[20260930, 8, 8, 8, 32, 1, 2, 1]"
b8_n32_duplicates_allowed_quantized_noise_Louri,Louri,8,8,8,0,255,32,duplicates_allowed,quantized_noise,0.25,1000,352,0.352,0.32301658754166684,0.3821161329700574,337,0.337,937,0.937,496000,2068,0,3,492f6c7980649ad1b8d8a2d052f5acbdd4898d01a7d3cbc273a295d5b47d38c5,"[20260930, 8, 8, 8, 32, 1, 2, 2]"
b8_n64_distinct_ideal_Beyette,Beyette,8,8,8,0,255,64,distinct,ideal,0,1000,1000,1.0,0.996173241514445,1.0,1000,1.0,1000,1.0,672000,0,0,0,90c5d739ae5e78ed2cf0c887c827e6ead5826bded9f08ca9626ceea928e8ec55,"[20260930, 8, 8, 8, 64, 0, 0, 1]"
b8_n64_distinct_ideal_Desmulliez,Desmulliez,8,8,8,0,255,64,distinct,ideal,0,1000,1000,1.0,0.996173241514445,1.0,1000,1.0,1000,1.0,672000,0,0,0,90c5d739ae5e78ed2cf0c887c827e6ead5826bded9f08ca9626ceea928e8ec55,"[20260930, 8, 8, 8, 64, 0, 0, 1]"
b8_n64_distinct_ideal_Louri,Louri,8,8,8,0,255,64,distinct,ideal,0,1000,1000,1.0,0.996173241514445,1.0,1000,1.0,1000,1.0,2016000,0,0,0,90c5d739ae5e78ed2cf0c887c827e6ead5826bded9f08ca9626ceea928e8ec55,"[20260930, 8, 8, 8, 64, 0, 0, 2]"
b8_n64_distinct_quantized_Beyette,Beyette,8,8,8,0,255,64,distinct,quantized,0,1000,0,0.0,2.168404344971009e-19,0.0038267584855551234,0,0.0,1000,1.0,672000,22012,0,24,90c5d739ae5e78ed2cf0c887c827e6ead5826bded9f08ca9626ceea928e8ec55,"[20260930, 8, 8, 8, 64, 0, 1, 1]"
b8_n64_distinct_quantized_Desmulliez,Desmulliez,8,8,8,0,255,64,distinct,quantized,0,1000,0,0.0,2.168404344971009e-19,0.0038267584855551234,0,0.0,1000,1.0,672000,22012,0,24,90c5d739ae5e78ed2cf0c887c827e6ead5826bded9f08ca9626ceea928e8ec55,"[20260930, 8, 8, 8, 64, 0, 1, 1]"
b8_n64_distinct_quantized_Louri,Louri,8,8,8,0,255,64,distinct,quantized,0,1000,0,0.0,2.168404344971009e-19,0.0038267584855551234,0,0.0,557,0.557,2016000,15670,0,27,90c5d739ae5e78ed2cf0c887c827e6ead5826bded9f08ca9626ceea928e8ec55,"[20260930, 8, 8, 8, 64, 0, 1, 2]"
b8_n64_distinct_quantized_noise_Beyette,Beyette,8,8,8,0,255,64,distinct,quantized_noise,0.25,1000,14,0.014,0.00835757513042392,0.02336203411753566,14,0.014,1000,1.0,672000,11779,0,9,90c5d739ae5e78ed2cf0c887c827e6ead5826bded9f08ca9626ceea928e8ec55,"[20260930, 8, 8, 8, 64, 0, 2, 1]"
b8_n64_distinct_quantized_noise_Desmulliez,Desmulliez,8,8,8,0,255,64,distinct,quantized_noise,0.25,1000,14,0.014,0.00835757513042392,0.02336203411753566,14,0.014,1000,1.0,672000,11779,0,9,90c5d739ae5e78ed2cf0c887c827e6ead5826bded9f08ca9626ceea928e8ec55,"[20260930, 8, 8, 8, 64, 0, 2, 1]"
b8_n64_distinct_quantized_noise_Louri,Louri,8,8,8,0,255,64,distinct,quantized_noise,0.25,1000,21,0.021,0.013775739567924286,0.03189029506123752,21,0.021,836,0.836,2016000,8218,0,14,90c5d739ae5e78ed2cf0c887c827e6ead5826bded9f08ca9626ceea928e8ec55,"[20260930, 8, 8, 8, 64, 0, 2, 2]"
b8_n64_duplicates_allowed_ideal_Beyette,Beyette,8,8,8,0,255,64,duplicates_allowed,ideal,0,1000,1000,1.0,0.996173241514445,1.0,1000,1.0,1000,1.0,672000,0,0,0,c5d141dc59a2da3598e55ef66b1073d41b4bf7eee18182f2acbb673fceb86816,"[20260930, 8, 8, 8, 64, 1, 0, 1]"
b8_n64_duplicates_allowed_ideal_Desmulliez,Desmulliez,8,8,8,0,255,64,duplicates_allowed,ideal,0,1000,1000,1.0,0.996173241514445,1.0,1000,1.0,1000,1.0,672000,0,0,0,c5d141dc59a2da3598e55ef66b1073d41b4bf7eee18182f2acbb673fceb86816,"[20260930, 8, 8, 8, 64, 1, 0, 1]"
b8_n64_duplicates_allowed_ideal_Louri,Louri,8,8,8,0,255,64,duplicates_allowed,ideal,0,1000,1000,1.0,0.996173241514445,1.0,1000,1.0,1000,1.0,2016000,0,0,0,c5d141dc59a2da3598e55ef66b1073d41b4bf7eee18182f2acbb673fceb86816,"[20260930, 8, 8, 8, 64, 1, 0, 2]"
b8_n64_duplicates_allowed_quantized_Beyette,Beyette,8,8,8,0,255,64,duplicates_allowed,quantized,0,1000,0,0.0,2.168404344971009e-19,0.0038267584855551234,0,0.0,1000,1.0,672000,20815,0,26,c5d141dc59a2da3598e55ef66b1073d41b4bf7eee18182f2acbb673fceb86816,"[20260930, 8, 8, 8, 64, 1, 1, 1]"
b8_n64_duplicates_allowed_quantized_Desmulliez,Desmulliez,8,8,8,0,255,64,duplicates_allowed,quantized,0,1000,0,0.0,2.168404344971009e-19,0.0038267584855551234,0,0.0,1000,1.0,672000,20815,0,26,c5d141dc59a2da3598e55ef66b1073d41b4bf7eee18182f2acbb673fceb86816,"[20260930, 8, 8, 8, 64, 1, 1, 1]"
b8_n64_duplicates_allowed_quantized_Louri,Louri,8,8,8,0,255,64,duplicates_allowed,quantized,0,1000,0,0.0,2.168404344971009e-19,0.0038267584855551234,0,0.0,611,0.611,2016000,15640,0,28,c5d141dc59a2da3598e55ef66b1073d41b4bf7eee18182f2acbb673fceb86816,"[20260930, 8, 8, 8, 64, 1, 1, 2]"
b8_n64_duplicates_allowed_quantized_noise_Beyette,Beyette,8,8,8,0,255,64,duplicates_allowed,quantized_noise,0.25,1000,13,0.013,0.0076128203893510256,0.022114442375579666,9,0.009,1000,1.0,672000,10951,0,14,c5d141dc59a2da3598e55ef66b1073d41b4bf7eee18182f2acbb673fceb86816,"[20260930, 8, 8, 8, 64, 1, 2, 1]"
b8_n64_duplicates_allowed_quantized_noise_Desmulliez,Desmulliez,8,8,8,0,255,64,duplicates_allowed,quantized_noise,0.25,1000,13,0.013,0.0076128203893510256,0.022114442375579666,9,0.009,1000,1.0,672000,10951,0,14,c5d141dc59a2da3598e55ef66b1073d41b4bf7eee18182f2acbb673fceb86816,"[20260930, 8, 8, 8, 64, 1, 2, 1]"
b8_n64_duplicates_allowed_quantized_noise_Louri,Louri,8,8,8,0,255,64,duplicates_allowed,quantized_noise,0.25,1000,16,0.016,0.009872242002277388,0.02583206021173997,13,0.013,620,0.62,2016000,8288,0,16,c5d141dc59a2da3598e55ef66b1073d41b4bf7eee18182f2acbb673fceb86816,"[20260930, 8, 8, 8, 64, 1, 2, 2]"
b8_n128_distinct_ideal_Beyette,Beyette,8,8,8,0,255,128,distinct,ideal,0,1000,1000,1.0,0.996173241514445,1.0,1000,1.0,1000,1.0,1792000,0,0,0,dda190398b034bc90f33ac9a5508ea690e606a401fa7abe007a6f0e4ef8a45b8,"[20260930, 8, 8, 8, 128, 0, 0, 1]"
b8_n128_distinct_ideal_Desmulliez,Desmulliez,8,8,8,0,255,128,distinct,ideal,0,1000,1000,1.0,0.996173241514445,1.0,1000,1.0,1000,1.0,1792000,0,0,0,dda190398b034bc90f33ac9a5508ea690e606a401fa7abe007a6f0e4ef8a45b8,"[20260930, 8, 8, 8, 128, 0, 0, 1]"
b8_n128_distinct_ideal_Louri,Louri,8,8,8,0,255,128,distinct,ideal,0,1000,1000,1.0,0.996173241514445,1.0,1000,1.0,1000,1.0,8128000,0,0,0,dda190398b034bc90f33ac9a5508ea690e606a401fa7abe007a6f0e4ef8a45b8,"[20260930, 8, 8, 8, 128, 0, 0, 2]"
b8_n128_distinct_quantized_Beyette,Beyette,8,8,8,0,255,128,distinct,quantized,0,1000,0,0.0,2.168404344971009e-19,0.0038267584855551234,0,0.0,1000,1.0,1792000,84462,0,103,dda190398b034bc90f33ac9a5508ea690e606a401fa7abe007a6f0e4ef8a45b8,"[20260930, 8, 8, 8, 128, 0, 1, 1]"
b8_n128_distinct_quantized_Desmulliez,Desmulliez,8,8,8,0,255,128,distinct,quantized,0,1000,0,0.0,2.168404344971009e-19,0.0038267584855551234,0,0.0,1000,1.0,1792000,84462,0,103,dda190398b034bc90f33ac9a5508ea690e606a401fa7abe007a6f0e4ef8a45b8,"[20260930, 8, 8, 8, 128, 0, 1, 1]"
b8_n128_distinct_quantized_Louri,Louri,8,8,8,0,255,128,distinct,quantized,0,1000,0,0.0,2.168404344971009e-19,0.0038267584855551234,0,0.0,3,0.003,8128000,63525,0,119,dda190398b034bc90f33ac9a5508ea690e606a401fa7abe007a6f0e4ef8a45b8,"[20260930, 8, 8, 8, 128, 0, 1, 2]"
b8_n128_distinct_quantized_noise_Beyette,Beyette,8,8,8,0,255,128,distinct,quantized_noise,0.25,1000,0,0.0,2.168404344971009e-19,0.0038267584855551234,0,0.0,1000,1.0,1792000,45354,3,62,dda190398b034bc90f33ac9a5508ea690e606a401fa7abe007a6f0e4ef8a45b8,"[20260930, 8, 8, 8, 128, 0, 2, 1]"
b8_n128_distinct_quantized_noise_Desmulliez,Desmulliez,8,8,8,0,255,128,distinct,quantized_noise,0.25,1000,0,0.0,2.168404344971009e-19,0.0038267584855551234,0,0.0,1000,1.0,1792000,45354,3,62,dda190398b034bc90f33ac9a5508ea690e606a401fa7abe007a6f0e4ef8a45b8,"[20260930, 8, 8, 8, 128, 0, 2, 1]"
b8_n128_distinct_quantized_noise_Louri,Louri,8,8,8,0,255,128,distinct,quantized_noise,0.25,1000,0,0.0,2.168404344971009e-19,0.0038267584855551234,0,0.0,221,0.221,8128000,33264,1,56,dda190398b034bc90f33ac9a5508ea690e606a401fa7abe007a6f0e4ef8a45b8,"[20260930, 8, 8, 8, 128, 0, 2, 2]"
b8_n128_duplicates_allowed_ideal_Beyette,Beyette,8,8,8,0,255,128,duplicates_allowed,ideal,0,1000,1000,1.0,0.996173241514445,1.0,1000,1.0,1000,1.0,1792000,0,0,0,2666494aa94456437ba445ccc672565bb1365cf772af971d5342261ec38af867,"[20260930, 8, 8, 8, 128, 1, 0, 1]"
b8_n128_duplicates_allowed_ideal_Desmulliez,Desmulliez,8,8,8,0,255,128,duplicates_allowed,ideal,0,1000,1000,1.0,0.996173241514445,1.0,1000,1.0,1000,1.0,1792000,0,0,0,2666494aa94456437ba445ccc672565bb1365cf772af971d5342261ec38af867,"[20260930, 8, 8, 8, 128, 1, 0, 1]"
b8_n128_duplicates_allowed_ideal_Louri,Louri,8,8,8,0,255,128,duplicates_allowed,ideal,0,1000,1000,1.0,0.996173241514445,1.0,1000,1.0,1000,1.0,8128000,0,0,0,2666494aa94456437ba445ccc672565bb1365cf772af971d5342261ec38af867,"[20260930, 8, 8, 8, 128, 1, 0, 2]"
b8_n128_duplicates_allowed_quantized_Beyette,Beyette,8,8,8,0,255,128,duplicates_allowed,quantized,0,1000,0,0.0,2.168404344971009e-19,0.0038267584855551234,0,0.0,1000,1.0,1792000,77491,0,82,2666494aa94456437ba445ccc672565bb1365cf772af971d5342261ec38af867,"[20260930, 8, 8, 8, 128, 1, 1, 1]"
b8_n128_duplicates_allowed_quantized_Desmulliez,Desmulliez,8,8,8,0,255,128,duplicates_allowed,quantized,0,1000,0,0.0,2.168404344971009e-19,0.0038267584855551234,0,0.0,1000,1.0,1792000,77491,0,82,2666494aa94456437ba445ccc672565bb1365cf772af971d5342261ec38af867,"[20260930, 8, 8, 8, 128, 1, 1, 1]"
b8_n128_duplicates_allowed_quantized_Louri,Louri,8,8,8,0,255,128,duplicates_allowed,quantized,0,1000,0,0.0,2.168404344971009e-19,0.0038267584855551234,0,0.0,30,0.03,8128000,63063,0,115,2666494aa94456437ba445ccc672565bb1365cf772af971d5342261ec38af867,"[20260930, 8, 8, 8, 128, 1, 1, 2]"
b8_n128_duplicates_allowed_quantized_noise_Beyette,Beyette,8,8,8,0,255,128,duplicates_allowed,quantized_noise,0.25,1000,0,0.0,2.168404344971009e-19,0.0038267584855551234,0,0.0,1000,1.0,1792000,41066,4,53,2666494aa94456437ba445ccc672565bb1365cf772af971d5342261ec38af867,"[20260930, 8, 8, 8, 128, 1, 2, 1]"
b8_n128_duplicates_allowed_quantized_noise_Desmulliez,Desmulliez,8,8,8,0,255,128,duplicates_allowed,quantized_noise,0.25,1000,0,0.0,2.168404344971009e-19,0.0038267584855551234,0,0.0,1000,1.0,1792000,41066,4,53,2666494aa94456437ba445ccc672565bb1365cf772af971d5342261ec38af867,"[20260930, 8, 8, 8, 128, 1, 2, 1]"
b8_n128_duplicates_allowed_quantized_noise_Louri,Louri,8,8,8,0,255,128,duplicates_allowed,quantized_noise,0.25,1000,0,0.0,2.168404344971009e-19,0.0038267584855551234,0,0.0,44,0.044,8128000,33045,1,63,2666494aa94456437ba445ccc672565bb1365cf772af971d5342261ec38af867,"[20260930, 8, 8, 8, 128, 1, 2, 2]"
b8_n256_distinct_ideal_Beyette,Beyette,8,8,8,0,255,256,distinct,ideal,0,1000,1000,1.0,0.996173241514445,1.0,1000,1.0,1000,1.0,4608000,0,0,0,e5496abcbb81b7476cb9fdf37c0b5d1f352387fbbc5e32084c1e0f7f78dc5c33,"[20260930, 8, 8, 8, 256, 0, 0, 1]"
b8_n256_distinct_ideal_Desmulliez,Desmulliez,8,8,8,0,255,256,distinct,ideal,0,1000,1000,1.0,0.996173241514445,1.0,1000,1.0,1000,1.0,4608000,0,0,0,e5496abcbb81b7476cb9fdf37c0b5d1f352387fbbc5e32084c1e0f7f78dc5c33,"[20260930, 8, 8, 8, 256, 0, 0, 1]"
b8_n256_distinct_ideal_Louri,Louri,8,8,8,0,255,256,distinct,ideal,0,1000,1000,1.0,0.996173241514445,1.0,1000,1.0,1000,1.0,32640000,0,0,0,e5496abcbb81b7476cb9fdf37c0b5d1f352387fbbc5e32084c1e0f7f78dc5c33,"[20260930, 8, 8, 8, 256, 0, 0, 2]"
b8_n256_distinct_quantized_Beyette,Beyette,8,8,8,0,255,256,distinct,quantized,0,1000,0,0.0,2.168404344971009e-19,0.0038267584855551234,0,0.0,1000,1.0,4608000,305169,0,368,e5496abcbb81b7476cb9fdf37c0b5d1f352387fbbc5e32084c1e0f7f78dc5c33,"[20260930, 8, 8, 8, 256, 0, 1, 1]"
b8_n256_distinct_quantized_Desmulliez,Desmulliez,8,8,8,0,255,256,distinct,quantized,0,1000,0,0.0,2.168404344971009e-19,0.0038267584855551234,0,0.0,1000,1.0,4608000,305169,0,368,e5496abcbb81b7476cb9fdf37c0b5d1f352387fbbc5e32084c1e0f7f78dc5c33,"[20260930, 8, 8, 8, 256, 0, 1, 1]"
b8_n256_distinct_quantized_Louri,Louri,8,8,8,0,255,256,distinct,quantized,0,1000,0,0.0,2.168404344971009e-19,0.0038267584855551234,0,0.0,0,0.0,32640000,255000,0,488,e5496abcbb81b7476cb9fdf37c0b5d1f352387fbbc5e32084c1e0f7f78dc5c33,"[20260930, 8, 8, 8, 256, 0, 1, 2]"
b8_n256_distinct_quantized_noise_Beyette,Beyette,8,8,8,0,255,256,distinct,quantized_noise,0.25,1000,0,0.0,2.168404344971009e-19,0.0038267584855551234,0,0.0,1000,1.0,4608000,170994,9,228,e5496abcbb81b7476cb9fdf37c0b5d1f352387fbbc5e32084c1e0f7f78dc5c33,"[20260930, 8, 8, 8, 256, 0, 2, 1]"
b8_n256_distinct_quantized_noise_Desmulliez,Desmulliez,8,8,8,0,255,256,distinct,quantized_noise,0.25,1000,0,0.0,2.168404344971009e-19,0.0038267584855551234,0,0.0,1000,1.0,4608000,170994,9,228,e5496abcbb81b7476cb9fdf37c0b5d1f352387fbbc5e32084c1e0f7f78dc5c33,"[20260930, 8, 8, 8, 256, 0, 2, 1]"
b8_n256_distinct_quantized_noise_Louri,Louri,8,8,8,0,255,256,distinct,quantized_noise,0.25,1000,0,0.0,2.168404344971009e-19,0.0038267584855551234,0,0.0,0,0.0,32640000,133467,8,272,e5496abcbb81b7476cb9fdf37c0b5d1f352387fbbc5e32084c1e0f7f78dc5c33,"[20260930, 8, 8, 8, 256, 0, 2, 2]"
b8_n256_duplicates_allowed_ideal_Beyette,Beyette,8,8,8,0,255,256,duplicates_allowed,ideal,0,1000,1000,1.0,0.996173241514445,1.0,1000,1.0,1000,1.0,4608000,0,0,0,2b54fefe2ff5995e02730203bc78f46cdfbfb035dbad7e265d2de4a4c682898b,"[20260930, 8, 8, 8, 256, 1, 0, 1]"
b8_n256_duplicates_allowed_ideal_Desmulliez,Desmulliez,8,8,8,0,255,256,duplicates_allowed,ideal,0,1000,1000,1.0,0.996173241514445,1.0,1000,1.0,1000,1.0,4608000,0,0,0,2b54fefe2ff5995e02730203bc78f46cdfbfb035dbad7e265d2de4a4c682898b,"[20260930, 8, 8, 8, 256, 1, 0, 1]"
b8_n256_duplicates_allowed_ideal_Louri,Louri,8,8,8,0,255,256,duplicates_allowed,ideal,0,1000,1000,1.0,0.996173241514445,1.0,1000,1.0,1000,1.0,32640000,0,0,0,2b54fefe2ff5995e02730203bc78f46cdfbfb035dbad7e265d2de4a4c682898b,"[20260930, 8, 8, 8, 256, 1, 0, 2]"
b8_n256_duplicates_allowed_quantized_Beyette,Beyette,8,8,8,0,255,256,duplicates_allowed,quantized,0,1000,0,0.0,2.168404344971009e-19,0.0038267584855551234,0,0.0,1000,1.0,4608000,270632,0,319,2b54fefe2ff5995e02730203bc78f46cdfbfb035dbad7e265d2de4a4c682898b,"[20260930, 8, 8, 8, 256, 1, 1, 1]"
b8_n256_duplicates_allowed_quantized_Desmulliez,Desmulliez,8,8,8,0,255,256,duplicates_allowed,quantized,0,1000,0,0.0,2.168404344971009e-19,0.0038267584855551234,0,0.0,1000,1.0,4608000,270632,0,319,2b54fefe2ff5995e02730203bc78f46cdfbfb035dbad7e265d2de4a4c682898b,"[20260930, 8, 8, 8, 256, 1, 1, 1]"
b8_n256_duplicates_allowed_quantized_Louri,Louri,8,8,8,0,255,256,duplicates_allowed,quantized,0,1000,0,0.0,2.168404344971009e-19,0.0038267584855551234,0,0.0,0,0.0,32640000,254620,0,515,2b54fefe2ff5995e02730203bc78f46cdfbfb035dbad7e265d2de4a4c682898b,"[20260930, 8, 8, 8, 256, 1, 1, 2]"
b8_n256_duplicates_allowed_quantized_noise_Beyette,Beyette,8,8,8,0,255,256,duplicates_allowed,quantized_noise,0.25,1000,0,0.0,2.168404344971009e-19,0.0038267584855551234,0,0.0,1000,1.0,4608000,143911,4,197,2b54fefe2ff5995e02730203bc78f46cdfbfb035dbad7e265d2de4a4c682898b,"[20260930, 8, 8, 8, 256, 1, 2, 1]"
b8_n256_duplicates_allowed_quantized_noise_Desmulliez,Desmulliez,8,8,8,0,255,256,duplicates_allowed,quantized_noise,0.25,1000,0,0.0,2.168404344971009e-19,0.0038267584855551234,0,0.0,1000,1.0,4608000,143911,4,197,2b54fefe2ff5995e02730203bc78f46cdfbfb035dbad7e265d2de4a4c682898b,"[20260930, 8, 8, 8, 256, 1, 2, 1]"
b8_n256_duplicates_allowed_quantized_noise_Louri,Louri,8,8,8,0,255,256,duplicates_allowed,quantized_noise,0.25,1000,0,0.0,2.168404344971009e-19,0.0038267584855551234,0,0.0,0,0.0,32640000,132769,7,268,2b54fefe2ff5995e02730203bc78f46cdfbfb035dbad7e265d2de4a4c682898b,"[20260930, 8, 8, 8, 256, 1, 2, 2]"
