n,mapping,pairs,calls,bf16_feature_bytes,weight_bytes_reload,weight_bytes_once,output_bytes,payload_bytes_reload,full_duplex_payload_floor_us,serialized_payload_floor_us
2,Bitonic,1,1,4,4,4,2,10,0.0005078125,0.0006347656249999999
2,Rank,1,1,4,4,4,2,10,0.0005078125,0.0006347656249999999
4,Bitonic,6,3,24,12,4,12,48,0.0022851562499999994,0.0030468749999999997
4,Rank,6,1,24,4,4,12,40,0.0017773437499999998,0.0025390624999999997
8,Bitonic,24,6,96,24,4,48,168,0.0076171875,0.010664062499999998
8,Rank,28,1,112,4,4,56,172,0.007363281249999999,0.01091796875
16,Bitonic,80,10,320,40,4,160,520,0.0228515625,0.0330078125
16,Rank,120,1,480,4,4,240,724,0.03072265625,0.045957031249999995
32,Bitonic,240,15,960,60,4,480,1500,0.06474609375,0.09521484375
32,Rank,496,1,1984,4,4,992,2980,0.12619140625,0.18916015625
64,Bitonic,672,21,2688,84,4,1344,4116,0.17595703124999998,0.26126953124999996
64,Rank,2016,1,8064,4,4,4032,12100,0.51212890625,0.76806640625
128,Bitonic,1792,28,7168,112,4,3584,10864,0.46210937499999993,0.689609375
128,Rank,8128,1,32512,4,4,16256,48772,2.0640039062499995,3.09587890625
256,Bitonic,4608,36,18432,144,4,9216,27792,1.179140625,1.7641406249999998
256,Rank,32640,1,130560,4,4,65280,195844,8.28775390625,12.431503906249999
