mapping,key_bits,input_bits,output_bits,n,family,eta,delta_in,delta_out,sigma,trials,valid_outputs,correct_sorts,stable_sorts,accuracy,ci95_low,ci95_high,invalid_outputs,comparisons,saturations,false_ties,sign_reversals,broken_true_ties,seed_context,input_sha256
Pipelined bitonic adaptation,4,4,4,2,distinct,0.0,0.0625,0.0625,0.0,1000,1000,1000,1000,1.0,0.996173241514445,1.0,0,1000,292,0,0,0,"[20260930, 4, 4, 4, 2, 0, 1, 1]",9d124934ecb8c2ac90f48c4adc50f8d1687436a24be230a31c67948068a7c690
Rank adaptation,4,4,4,2,distinct,0.0,0.0625,0.0625,0.0,1000,1000,1000,1000,1.0,0.996173241514445,1.0,0,1000,292,0,0,0,"[20260930, 4, 4, 4, 2, 0, 1, 2]",9d124934ecb8c2ac90f48c4adc50f8d1687436a24be230a31c67948068a7c690
Pipelined bitonic adaptation,4,4,4,2,distinct,0.05,0.0625,0.0625,0.003125,1000,1000,1000,1000,1.0,0.996173241514445,1.0,0,1000,292,0,0,0,"[20260930, 4, 4, 4, 2, 0, 2, 1]",9d124934ecb8c2ac90f48c4adc50f8d1687436a24be230a31c67948068a7c690
Rank adaptation,4,4,4,2,distinct,0.05,0.0625,0.0625,0.003125,1000,1000,1000,1000,1.0,0.996173241514445,1.0,0,1000,292,0,0,0,"[20260930, 4, 4, 4, 2, 0, 2, 2]",9d124934ecb8c2ac90f48c4adc50f8d1687436a24be230a31c67948068a7c690
Pipelined bitonic adaptation,4,4,4,2,distinct,0.1,0.0625,0.0625,0.00625,1000,1000,1000,1000,1.0,0.996173241514445,1.0,0,1000,292,0,0,0,"[20260930, 4, 4, 4, 2, 0, 2, 1]",9d124934ecb8c2ac90f48c4adc50f8d1687436a24be230a31c67948068a7c690
Rank adaptation,4,4,4,2,distinct,0.1,0.0625,0.0625,0.00625,1000,1000,1000,1000,1.0,0.996173241514445,1.0,0,1000,292,0,0,0,"[20260930, 4, 4, 4, 2, 0, 2, 2]",9d124934ecb8c2ac90f48c4adc50f8d1687436a24be230a31c67948068a7c690
Pipelined bitonic adaptation,4,4,4,2,distinct,0.15,0.0625,0.0625,0.009375,1000,1000,1000,1000,1.0,0.996173241514445,1.0,0,1000,292,0,0,0,"[20260930, 4, 4, 4, 2, 0, 2, 1]",9d124934ecb8c2ac90f48c4adc50f8d1687436a24be230a31c67948068a7c690
Rank adaptation,4,4,4,2,distinct,0.15,0.0625,0.0625,0.009375,1000,1000,1000,1000,1.0,0.996173241514445,1.0,0,1000,292,0,0,0,"[20260930, 4, 4, 4, 2, 0, 2, 2]",9d124934ecb8c2ac90f48c4adc50f8d1687436a24be230a31c67948068a7c690
Pipelined bitonic adaptation,4,4,4,2,distinct,0.2,0.0625,0.0625,0.0125,1000,1000,1000,1000,1.0,0.996173241514445,1.0,0,1000,292,0,0,0,"[20260930, 4, 4, 4, 2, 0, 2, 1]",9d124934ecb8c2ac90f48c4adc50f8d1687436a24be230a31c67948068a7c690
Rank adaptation,4,4,4,2,distinct,0.2,0.0625,0.0625,0.0125,1000,1000,1000,1000,1.0,0.996173241514445,1.0,0,1000,293,0,0,0,"[20260930, 4, 4, 4, 2, 0, 2, 2]",9d124934ecb8c2ac90f48c4adc50f8d1687436a24be230a31c67948068a7c690
Pipelined bitonic adaptation,4,4,4,2,distinct,0.25,0.0625,0.0625,0.015625,1000,1000,1000,1000,1.0,0.996173241514445,1.0,0,1000,291,1,0,0,"[20260930, 4, 4, 4, 2, 0, 2, 1]",9d124934ecb8c2ac90f48c4adc50f8d1687436a24be230a31c67948068a7c690
Rank adaptation,4,4,4,2,distinct,0.25,0.0625,0.0625,0.015625,1000,1000,998,998,0.998,0.9927371921365079,0.9994513564118793,0,1000,293,2,0,0,"[20260930, 4, 4, 4, 2, 0, 2, 2]",9d124934ecb8c2ac90f48c4adc50f8d1687436a24be230a31c67948068a7c690
Pipelined bitonic adaptation,4,4,4,2,duplicates_allowed,0.0,0.0625,0.0625,0.0,1000,1000,1000,1000,1.0,0.996173241514445,1.0,0,1000,263,0,0,0,"[20260930, 4, 4, 4, 2, 1, 1, 1]",46b4cfd15f677c5075042239b9675275246d65178477adcf2da5d76621b86c7e
Rank adaptation,4,4,4,2,duplicates_allowed,0.0,0.0625,0.0625,0.0,1000,1000,1000,1000,1.0,0.996173241514445,1.0,0,1000,263,0,0,0,"[20260930, 4, 4, 4, 2, 1, 1, 2]",46b4cfd15f677c5075042239b9675275246d65178477adcf2da5d76621b86c7e
Pipelined bitonic adaptation,4,4,4,2,duplicates_allowed,0.05,0.0625,0.0625,0.003125,1000,1000,1000,1000,1.0,0.996173241514445,1.0,0,1000,263,0,0,0,"[20260930, 4, 4, 4, 2, 1, 2, 1]",46b4cfd15f677c5075042239b9675275246d65178477adcf2da5d76621b86c7e
Rank adaptation,4,4,4,2,duplicates_allowed,0.05,0.0625,0.0625,0.003125,1000,1000,1000,1000,1.0,0.996173241514445,1.0,0,1000,263,0,0,0,"[20260930, 4, 4, 4, 2, 1, 2, 2]",46b4cfd15f677c5075042239b9675275246d65178477adcf2da5d76621b86c7e
Pipelined bitonic adaptation,4,4,4,2,duplicates_allowed,0.1,0.0625,0.0625,0.00625,1000,1000,1000,1000,1.0,0.996173241514445,1.0,0,1000,263,0,0,0,"[20260930, 4, 4, 4, 2, 1, 2, 1]",46b4cfd15f677c5075042239b9675275246d65178477adcf2da5d76621b86c7e
Rank adaptation,4,4,4,2,duplicates_allowed,0.1,0.0625,0.0625,0.00625,1000,1000,1000,1000,1.0,0.996173241514445,1.0,0,1000,263,0,0,0,"[20260930, 4, 4, 4, 2, 1, 2, 2]",46b4cfd15f677c5075042239b9675275246d65178477adcf2da5d76621b86c7e
Pipelined bitonic adaptation,4,4,4,2,duplicates_allowed,0.15,0.0625,0.0625,0.009375,1000,1000,1000,1000,1.0,0.996173241514445,1.0,0,1000,263,0,0,0,"[20260930, 4, 4, 4, 2, 1, 2, 1]",46b4cfd15f677c5075042239b9675275246d65178477adcf2da5d76621b86c7e
Rank adaptation,4,4,4,2,duplicates_allowed,0.15,0.0625,0.0625,0.009375,1000,1000,1000,1000,1.0,0.996173241514445,1.0,0,1000,263,0,0,0,"[20260930, 4, 4, 4, 2, 1, 2, 2]",46b4cfd15f677c5075042239b9675275246d65178477adcf2da5d76621b86c7e
Pipelined bitonic adaptation,4,4,4,2,duplicates_allowed,0.2,0.0625,0.0625,0.0125,1000,1000,1000,1000,1.0,0.996173241514445,1.0,0,1000,263,0,0,1,"[20260930, 4, 4, 4, 2, 1, 2, 1]",46b4cfd15f677c5075042239b9675275246d65178477adcf2da5d76621b86c7e
Rank adaptation,4,4,4,2,duplicates_allowed,0.2,0.0625,0.0625,0.0125,1000,1000,1000,1000,1.0,0.996173241514445,1.0,0,1000,262,0,0,0,"[20260930, 4, 4, 4, 2, 1, 2, 2]",46b4cfd15f677c5075042239b9675275246d65178477adcf2da5d76621b86c7e
Pipelined bitonic adaptation,4,4,4,2,duplicates_allowed,0.25,0.0625,0.0625,0.015625,1000,1000,998,997,0.998,0.9927371921365079,0.9994513564118793,0,1000,264,2,0,3,"[20260930, 4, 4, 4, 2, 1, 2, 1]",46b4cfd15f677c5075042239b9675275246d65178477adcf2da5d76621b86c7e
Rank adaptation,4,4,4,2,duplicates_allowed,0.25,0.0625,0.0625,0.015625,1000,1000,998,996,0.998,0.9927371921365079,0.9994513564118793,0,1000,263,2,0,2,"[20260930, 4, 4, 4, 2, 1, 2, 2]",46b4cfd15f677c5075042239b9675275246d65178477adcf2da5d76621b86c7e
Pipelined bitonic adaptation,4,4,4,4,distinct,0.0,0.0625,0.0625,0.0,1000,1000,1000,1000,1.0,0.996173241514445,1.0,0,6000,1397,0,0,0,"[20260930, 4, 4, 4, 4, 0, 1, 1]",a5b822cfa23039a8f9a5cf7ea86ae2d82a984e2f2c754509b227ebbed5b1cbf7
Rank adaptation,4,4,4,4,distinct,0.0,0.0625,0.0625,0.0,1000,1000,1000,1000,1.0,0.996173241514445,1.0,0,6000,1592,0,0,0,"[20260930, 4, 4, 4, 4, 0, 1, 2]",a5b822cfa23039a8f9a5cf7ea86ae2d82a984e2f2c754509b227ebbed5b1cbf7
Pipelined bitonic adaptation,4,4,4,4,distinct,0.05,0.0625,0.0625,0.003125,1000,1000,1000,1000,1.0,0.996173241514445,1.0,0,6000,1397,0,0,0,"[20260930, 4, 4, 4, 4, 0, 2, 1]",a5b822cfa23039a8f9a5cf7ea86ae2d82a984e2f2c754509b227ebbed5b1cbf7
Rank adaptation,4,4,4,4,distinct,0.05,0.0625,0.0625,0.003125,1000,1000,1000,1000,1.0,0.996173241514445,1.0,0,6000,1592,0,0,0,"[20260930, 4, 4, 4, 4, 0, 2, 2]",a5b822cfa23039a8f9a5cf7ea86ae2d82a984e2f2c754509b227ebbed5b1cbf7
Pipelined bitonic adaptation,4,4,4,4,distinct,0.1,0.0625,0.0625,0.00625,1000,1000,1000,1000,1.0,0.996173241514445,1.0,0,6000,1397,0,0,0,"[20260930, 4, 4, 4, 4, 0, 2, 1]",a5b822cfa23039a8f9a5cf7ea86ae2d82a984e2f2c754509b227ebbed5b1cbf7
Rank adaptation,4,4,4,4,distinct,0.1,0.0625,0.0625,0.00625,1000,1000,1000,1000,1.0,0.996173241514445,1.0,0,6000,1592,0,0,0,"[20260930, 4, 4, 4, 4, 0, 2, 2]",a5b822cfa23039a8f9a5cf7ea86ae2d82a984e2f2c754509b227ebbed5b1cbf7
Pipelined bitonic adaptation,4,4,4,4,distinct,0.15,0.0625,0.0625,0.009375,1000,1000,1000,1000,1.0,0.996173241514445,1.0,0,6000,1397,0,0,0,"[20260930, 4, 4, 4, 4, 0, 2, 1]",a5b822cfa23039a8f9a5cf7ea86ae2d82a984e2f2c754509b227ebbed5b1cbf7
Rank adaptation,4,4,4,4,distinct,0.15,0.0625,0.0625,0.009375,1000,1000,999,999,0.999,0.9943574414020421,0.9998234536293739,0,6000,1591,1,0,0,"[20260930, 4, 4, 4, 4, 0, 2, 2]",a5b822cfa23039a8f9a5cf7ea86ae2d82a984e2f2c754509b227ebbed5b1cbf7
Pipelined bitonic adaptation,4,4,4,4,distinct,0.2,0.0625,0.0625,0.0125,1000,1000,996,996,0.996,0.9897604437227377,0.9984434118595916,0,6000,1396,6,0,0,"[20260930, 4, 4, 4, 4, 0, 2, 1]",a5b822cfa23039a8f9a5cf7ea86ae2d82a984e2f2c754509b227ebbed5b1cbf7
Rank adaptation,4,4,4,4,distinct,0.2,0.0625,0.0625,0.0125,1000,1000,997,997,0.997,0.9912169859464969,0.9989792161188614,0,6000,1591,3,0,0,"[20260930, 4, 4, 4, 4, 0, 2, 2]",a5b822cfa23039a8f9a5cf7ea86ae2d82a984e2f2c754509b227ebbed5b1cbf7
Pipelined bitonic adaptation,4,4,4,4,distinct,0.25,0.0625,0.0625,0.015625,1000,1000,992,992,0.992,0.9842936654690199,0.995940804181194,0,6000,1391,19,0,0,"[20260930, 4, 4, 4, 4, 0, 2, 1]",a5b822cfa23039a8f9a5cf7ea86ae2d82a984e2f2c754509b227ebbed5b1cbf7
Rank adaptation,4,4,4,4,distinct,0.25,0.0625,0.0625,0.015625,1000,1000,994,994,0.994,0.9869718317581478,0.9972473308581237,0,6000,1596,11,0,0,"[20260930, 4, 4, 4, 4, 0, 2, 2]",a5b822cfa23039a8f9a5cf7ea86ae2d82a984e2f2c754509b227ebbed5b1cbf7
Pipelined bitonic adaptation,4,4,4,4,duplicates_allowed,0.0,0.0625,0.0625,0.0,1000,1000,1000,1000,1.0,0.996173241514445,1.0,0,6000,1303,0,0,0,"[20260930, 4, 4, 4, 4, 1, 1, 1]",b6d9c994587bf6c956cd5c257060eb4b4cd01dab40eb86b8154cf697bd2a24a9
Rank adaptation,4,4,4,4,duplicates_allowed,0.0,0.0625,0.0625,0.0,1000,1000,1000,1000,1.0,0.996173241514445,1.0,0,6000,1450,0,0,0,"[20260930, 4, 4, 4, 4, 1, 1, 2]",b6d9c994587bf6c956cd5c257060eb4b4cd01dab40eb86b8154cf697bd2a24a9
Pipelined bitonic adaptation,4,4,4,4,duplicates_allowed,0.05,0.0625,0.0625,0.003125,1000,1000,1000,1000,1.0,0.996173241514445,1.0,0,6000,1303,0,0,0,"[20260930, 4, 4, 4, 4, 1, 2, 1]",b6d9c994587bf6c956cd5c257060eb4b4cd01dab40eb86b8154cf697bd2a24a9
Rank adaptation,4,4,4,4,duplicates_allowed,0.05,0.0625,0.0625,0.003125,1000,1000,1000,1000,1.0,0.996173241514445,1.0,0,6000,1450,0,0,0,"[20260930, 4, 4, 4, 4, 1, 2, 2]",b6d9c994587bf6c956cd5c257060eb4b4cd01dab40eb86b8154cf697bd2a24a9
Pipelined bitonic adaptation,4,4,4,4,duplicates_allowed,0.1,0.0625,0.0625,0.00625,1000,1000,1000,1000,1.0,0.996173241514445,1.0,0,6000,1303,0,0,0,"[20260930, 4, 4, 4, 4, 1, 2, 1]",b6d9c994587bf6c956cd5c257060eb4b4cd01dab40eb86b8154cf697bd2a24a9
Rank adaptation,4,4,4,4,duplicates_allowed,0.1,0.0625,0.0625,0.00625,1000,1000,1000,1000,1.0,0.996173241514445,1.0,0,6000,1450,0,0,0,"[20260930, 4, 4, 4, 4, 1, 2, 2]",b6d9c994587bf6c956cd5c257060eb4b4cd01dab40eb86b8154cf697bd2a24a9
Pipelined bitonic adaptation,4,4,4,4,duplicates_allowed,0.15,0.0625,0.0625,0.009375,1000,1000,1000,1000,1.0,0.996173241514445,1.0,0,6000,1303,0,0,0,"[20260930, 4, 4, 4, 4, 1, 2, 1]",b6d9c994587bf6c956cd5c257060eb4b4cd01dab40eb86b8154cf697bd2a24a9
Rank adaptation,4,4,4,4,duplicates_allowed,0.15,0.0625,0.0625,0.009375,1000,1000,1000,1000,1.0,0.996173241514445,1.0,0,6000,1450,0,0,0,"[20260930, 4, 4, 4, 4, 1, 2, 2]",b6d9c994587bf6c956cd5c257060eb4b4cd01dab40eb86b8154cf697bd2a24a9
Pipelined bitonic adaptation,4,4,4,4,duplicates_allowed,0.2,0.0625,0.0625,0.0125,1000,1000,997,995,0.997,0.9912169859464969,0.9989792161188614,0,6000,1300,8,0,7,"[20260930, 4, 4, 4, 4, 1, 2, 1]",b6d9c994587bf6c956cd5c257060eb4b4cd01dab40eb86b8154cf697bd2a24a9
Rank adaptation,4,4,4,4,duplicates_allowed,0.2,0.0625,0.0625,0.0125,1000,999,997,997,0.997,0.9912169859464969,0.9989792161188614,1,6000,1450,3,0,5,"[20260930, 4, 4, 4, 4, 1, 2, 2]",b6d9c994587bf6c956cd5c257060eb4b4cd01dab40eb86b8154cf697bd2a24a9
Pipelined bitonic adaptation,4,4,4,4,duplicates_allowed,0.25,0.0625,0.0625,0.015625,1000,1000,994,987,0.994,0.9869718317581478,0.9972473308581237,0,6000,1295,15,0,27,"[20260930, 4, 4, 4, 4, 1, 2, 1]",b6d9c994587bf6c956cd5c257060eb4b4cd01dab40eb86b8154cf697bd2a24a9
Rank adaptation,4,4,4,4,duplicates_allowed,0.25,0.0625,0.0625,0.015625,1000,998,991,984,0.991,0.982984183834662,0.9952579393325229,2,6000,1457,17,0,16,"[20260930, 4, 4, 4, 4, 1, 2, 2]",b6d9c994587bf6c956cd5c257060eb4b4cd01dab40eb86b8154cf697bd2a24a9
Pipelined bitonic adaptation,4,4,4,8,distinct,0.0,0.0625,0.0625,0.0,1000,1000,1000,1000,1.0,0.996173241514445,1.0,0,24000,4790,0,0,0,"[20260930, 4, 4, 4, 8, 0, 1, 1]",a49a86ad42ffb96b0c3e5f30d4aa649f21eed6a9878f608a3640dccaef2b09ad
Rank adaptation,4,4,4,8,distinct,0.0,0.0625,0.0625,0.0,1000,1000,1000,1000,1.0,0.996173241514445,1.0,0,28000,7356,0,0,0,"[20260930, 4, 4, 4, 8, 0, 1, 2]",a49a86ad42ffb96b0c3e5f30d4aa649f21eed6a9878f608a3640dccaef2b09ad
Pipelined bitonic adaptation,4,4,4,8,distinct,0.05,0.0625,0.0625,0.003125,1000,1000,1000,1000,1.0,0.996173241514445,1.0,0,24000,4790,0,0,0,"[20260930, 4, 4, 4, 8, 0, 2, 1]",a49a86ad42ffb96b0c3e5f30d4aa649f21eed6a9878f608a3640dccaef2b09ad
Rank adaptation,4,4,4,8,distinct,0.05,0.0625,0.0625,0.003125,1000,1000,1000,1000,1.0,0.996173241514445,1.0,0,28000,7356,0,0,0,"[20260930, 4, 4, 4, 8, 0, 2, 2]",a49a86ad42ffb96b0c3e5f30d4aa649f21eed6a9878f608a3640dccaef2b09ad
Pipelined bitonic adaptation,4,4,4,8,distinct,0.1,0.0625,0.0625,0.00625,1000,1000,1000,1000,1.0,0.996173241514445,1.0,0,24000,4790,0,0,0,"[20260930, 4, 4, 4, 8, 0, 2, 1]",a49a86ad42ffb96b0c3e5f30d4aa649f21eed6a9878f608a3640dccaef2b09ad
Rank adaptation,4,4,4,8,distinct,0.1,0.0625,0.0625,0.00625,1000,1000,1000,1000,1.0,0.996173241514445,1.0,0,28000,7356,0,0,0,"[20260930, 4, 4, 4, 8, 0, 2, 2]",a49a86ad42ffb96b0c3e5f30d4aa649f21eed6a9878f608a3640dccaef2b09ad
Pipelined bitonic adaptation,4,4,4,8,distinct,0.15,0.0625,0.0625,0.009375,1000,1000,1000,1000,1.0,0.996173241514445,1.0,0,24000,4790,0,0,0,"[20260930, 4, 4, 4, 8, 0, 2, 1]",a49a86ad42ffb96b0c3e5f30d4aa649f21eed6a9878f608a3640dccaef2b09ad
Rank adaptation,4,4,4,8,distinct,0.15,0.0625,0.0625,0.009375,1000,1000,1000,1000,1.0,0.996173241514445,1.0,0,28000,7355,1,0,0,"[20260930, 4, 4, 4, 8, 0, 2, 2]",a49a86ad42ffb96b0c3e5f30d4aa649f21eed6a9878f608a3640dccaef2b09ad
Pipelined bitonic adaptation,4,4,4,8,distinct,0.2,0.0625,0.0625,0.0125,1000,1000,989,989,0.989,0.9804106042992137,0.9938468259019134,0,24000,4790,32,0,0,"[20260930, 4, 4, 4, 8, 0, 2, 1]",a49a86ad42ffb96b0c3e5f30d4aa649f21eed6a9878f608a3640dccaef2b09ad
Rank adaptation,4,4,4,8,distinct,0.2,0.0625,0.0625,0.0125,1000,1000,994,994,0.994,0.9869718317581478,0.9972473308581237,0,28000,7357,15,0,0,"[20260930, 4, 4, 4, 8, 0, 2, 2]",a49a86ad42ffb96b0c3e5f30d4aa649f21eed6a9878f608a3640dccaef2b09ad
Pipelined bitonic adaptation,4,4,4,8,distinct,0.25,0.0625,0.0625,0.015625,1000,1000,955,955,0.955,0.9403171620637766,0.9662004877143683,0,24000,4788,119,0,0,"[20260930, 4, 4, 4, 8, 0, 2, 1]",a49a86ad42ffb96b0c3e5f30d4aa649f21eed6a9878f608a3640dccaef2b09ad
Rank adaptation,4,4,4,8,distinct,0.25,0.0625,0.0625,0.015625,1000,1000,962,962,0.962,0.9482730796686497,0.9721909954906974,0,28000,7364,71,0,0,"[20260930, 4, 4, 4, 8, 0, 2, 2]",a49a86ad42ffb96b0c3e5f30d4aa649f21eed6a9878f608a3640dccaef2b09ad
Pipelined bitonic adaptation,4,4,4,8,duplicates_allowed,0.0,0.0625,0.0625,0.0,1000,1000,1000,1000,1.0,0.996173241514445,1.0,0,24000,4476,0,0,0,"[20260930, 4, 4, 4, 8, 1, 1, 1]",77ba6aadc447e8aa867271951f2c3d5fed31b0e8cd5c5c0cb3cba01043727803
Rank adaptation,4,4,4,8,duplicates_allowed,0.0,0.0625,0.0625,0.0,1000,1000,1000,1000,1.0,0.996173241514445,1.0,0,28000,6839,0,0,0,"[20260930, 4, 4, 4, 8, 1, 1, 2]",77ba6aadc447e8aa867271951f2c3d5fed31b0e8cd5c5c0cb3cba01043727803
Pipelined bitonic adaptation,4,4,4,8,duplicates_allowed,0.05,0.0625,0.0625,0.003125,1000,1000,1000,1000,1.0,0.996173241514445,1.0,0,24000,4476,0,0,0,"[20260930, 4, 4, 4, 8, 1, 2, 1]",77ba6aadc447e8aa867271951f2c3d5fed31b0e8cd5c5c0cb3cba01043727803
Rank adaptation,4,4,4,8,duplicates_allowed,0.05,0.0625,0.0625,0.003125,1000,1000,1000,1000,1.0,0.996173241514445,1.0,0,28000,6839,0,0,0,"[20260930, 4, 4, 4, 8, 1, 2, 2]",77ba6aadc447e8aa867271951f2c3d5fed31b0e8cd5c5c0cb3cba01043727803
Pipelined bitonic adaptation,4,4,4,8,duplicates_allowed,0.1,0.0625,0.0625,0.00625,1000,1000,1000,1000,1.0,0.996173241514445,1.0,0,24000,4476,0,0,0,"[20260930, 4, 4, 4, 8, 1, 2, 1]",77ba6aadc447e8aa867271951f2c3d5fed31b0e8cd5c5c0cb3cba01043727803
Rank adaptation,4,4,4,8,duplicates_allowed,0.1,0.0625,0.0625,0.00625,1000,1000,1000,1000,1.0,0.996173241514445,1.0,0,28000,6839,0,0,0,"[20260930, 4, 4, 4, 8, 1, 2, 2]",77ba6aadc447e8aa867271951f2c3d5fed31b0e8cd5c5c0cb3cba01043727803
Pipelined bitonic adaptation,4,4,4,8,duplicates_allowed,0.15,0.0625,0.0625,0.009375,1000,1000,999,999,0.999,0.9943574414020421,0.9998234536293739,0,24000,4477,3,0,0,"[20260930, 4, 4, 4, 8, 1, 2, 1]",77ba6aadc447e8aa867271951f2c3d5fed31b0e8cd5c5c0cb3cba01043727803
Rank adaptation,4,4,4,8,duplicates_allowed,0.15,0.0625,0.0625,0.009375,1000,1000,1000,999,1.0,0.996173241514445,1.0,0,28000,6840,1,0,1,"[20260930, 4, 4, 4, 8, 1, 2, 2]",77ba6aadc447e8aa867271951f2c3d5fed31b0e8cd5c5c0cb3cba01043727803
Pipelined bitonic adaptation,4,4,4,8,duplicates_allowed,0.2,0.0625,0.0625,0.0125,1000,1000,991,985,0.991,0.982984183834662,0.9952579393325229,0,24000,4475,31,0,22,"[20260930, 4, 4, 4, 8, 1, 2, 1]",77ba6aadc447e8aa867271951f2c3d5fed31b0e8cd5c5c0cb3cba01043727803
Rank adaptation,4,4,4,8,duplicates_allowed,0.2,0.0625,0.0625,0.0125,1000,997,991,977,0.991,0.982984183834662,0.9952579393325229,3,28000,6842,18,0,25,"[20260930, 4, 4, 4, 8, 1, 2, 2]",77ba6aadc447e8aa867271951f2c3d5fed31b0e8cd5c5c0cb3cba01043727803
Pipelined bitonic adaptation,4,4,4,8,duplicates_allowed,0.25,0.0625,0.0625,0.015625,1000,1000,971,935,0.971,0.9586616416633058,0.9797335518433012,0,24000,4481,80,0,93,"[20260930, 4, 4, 4, 8, 1, 2, 1]",77ba6aadc447e8aa867271951f2c3d5fed31b0e8cd5c5c0cb3cba01043727803
Rank adaptation,4,4,4,8,duplicates_allowed,0.25,0.0625,0.0625,0.015625,1000,990,967,929,0.967,0.9540187355329184,0.9764070720415732,10,28000,6841,62,0,75,"[20260930, 4, 4, 4, 8, 1, 2, 2]",77ba6aadc447e8aa867271951f2c3d5fed31b0e8cd5c5c0cb3cba01043727803
Pipelined bitonic adaptation,4,4,4,16,distinct,0.0,0.0625,0.0625,0.0,1000,1000,1000,1000,1.0,0.996173241514445,1.0,0,80000,13612,0,0,0,"[20260930, 4, 4, 4, 16, 0, 1, 1]",0f5209aa939da6ae6a082960b6d9a01a05c5f20c8669e48f682e635716659ef5
Rank adaptation,4,4,4,16,distinct,0.0,0.0625,0.0625,0.0,1000,1000,1000,1000,1.0,0.996173241514445,1.0,0,120000,31992,0,0,0,"[20260930, 4, 4, 4, 16, 0, 1, 2]",0f5209aa939da6ae6a082960b6d9a01a05c5f20c8669e48f682e635716659ef5
Pipelined bitonic adaptation,4,4,4,16,distinct,0.05,0.0625,0.0625,0.003125,1000,1000,1000,1000,1.0,0.996173241514445,1.0,0,80000,13612,0,0,0,"[20260930, 4, 4, 4, 16, 0, 2, 1]",0f5209aa939da6ae6a082960b6d9a01a05c5f20c8669e48f682e635716659ef5
Rank adaptation,4,4,4,16,distinct,0.05,0.0625,0.0625,0.003125,1000,1000,1000,1000,1.0,0.996173241514445,1.0,0,120000,31992,0,0,0,"[20260930, 4, 4, 4, 16, 0, 2, 2]",0f5209aa939da6ae6a082960b6d9a01a05c5f20c8669e48f682e635716659ef5
Pipelined bitonic adaptation,4,4,4,16,distinct,0.1,0.0625,0.0625,0.00625,1000,1000,1000,1000,1.0,0.996173241514445,1.0,0,80000,13612,0,0,0,"[20260930, 4, 4, 4, 16, 0, 2, 1]",0f5209aa939da6ae6a082960b6d9a01a05c5f20c8669e48f682e635716659ef5
Rank adaptation,4,4,4,16,distinct,0.1,0.0625,0.0625,0.00625,1000,1000,1000,1000,1.0,0.996173241514445,1.0,0,120000,31992,0,0,0,"[20260930, 4, 4, 4, 16, 0, 2, 2]",0f5209aa939da6ae6a082960b6d9a01a05c5f20c8669e48f682e635716659ef5
Pipelined bitonic adaptation,4,4,4,16,distinct,0.15,0.0625,0.0625,0.009375,1000,1000,996,996,0.996,0.9897604437227377,0.9984434118595916,0,80000,13612,8,0,0,"[20260930, 4, 4, 4, 16, 0, 2, 1]",0f5209aa939da6ae6a082960b6d9a01a05c5f20c8669e48f682e635716659ef5
Rank adaptation,4,4,4,16,distinct,0.15,0.0625,0.0625,0.009375,1000,1000,999,999,0.999,0.9943574414020421,0.9998234536293739,0,120000,31989,3,0,0,"[20260930, 4, 4, 4, 16, 0, 2, 2]",0f5209aa939da6ae6a082960b6d9a01a05c5f20c8669e48f682e635716659ef5
Pipelined bitonic adaptation,4,4,4,16,distinct,0.2,0.0625,0.0625,0.0125,1000,1000,955,955,0.955,0.9403171620637766,0.9662004877143683,0,80000,13632,133,0,0,"[20260930, 4, 4, 4, 16, 0, 2, 1]",0f5209aa939da6ae6a082960b6d9a01a05c5f20c8669e48f682e635716659ef5
Rank adaptation,4,4,4,16,distinct,0.2,0.0625,0.0625,0.0125,1000,1000,950,950,0.95,0.9346861797557492,0.9618697376072513,0,120000,31993,100,0,0,"[20260930, 4, 4, 4, 16, 0, 2, 2]",0f5209aa939da6ae6a082960b6d9a01a05c5f20c8669e48f682e635716659ef5
Pipelined bitonic adaptation,4,4,4,16,distinct,0.25,0.0625,0.0625,0.015625,1000,1000,843,843,0.843,0.8191441706597944,0.8642306730191147,0,80000,13643,485,0,0,"[20260930, 4, 4, 4, 16, 0, 2, 1]",0f5209aa939da6ae6a082960b6d9a01a05c5f20c8669e48f682e635716659ef5
Rank adaptation,4,4,4,16,distinct,0.25,0.0625,0.0625,0.015625,1000,999,831,831,0.831,0.806516311368376,0.8529503745141864,1,120000,32013,342,0,0,"[20260930, 4, 4, 4, 16, 0, 2, 2]",0f5209aa939da6ae6a082960b6d9a01a05c5f20c8669e48f682e635716659ef5
Pipelined bitonic adaptation,4,4,4,16,duplicates_allowed,0.0,0.0625,0.0625,0.0,1000,1000,1000,1000,1.0,0.996173241514445,1.0,0,80000,13329,0,0,0,"[20260930, 4, 4, 4, 16, 1, 1, 1]",1bd59b8ae4bd6e37dd5d021b08b5c2abccd409721ad99272a291731e1dcd3806
Rank adaptation,4,4,4,16,duplicates_allowed,0.0,0.0625,0.0625,0.0,1000,1000,1000,1000,1.0,0.996173241514445,1.0,0,120000,29641,0,0,0,"[20260930, 4, 4, 4, 16, 1, 1, 2]",1bd59b8ae4bd6e37dd5d021b08b5c2abccd409721ad99272a291731e1dcd3806
Pipelined bitonic adaptation,4,4,4,16,duplicates_allowed,0.05,0.0625,0.0625,0.003125,1000,1000,1000,1000,1.0,0.996173241514445,1.0,0,80000,13329,0,0,0,"[20260930, 4, 4, 4, 16, 1, 2, 1]",1bd59b8ae4bd6e37dd5d021b08b5c2abccd409721ad99272a291731e1dcd3806
Rank adaptation,4,4,4,16,duplicates_allowed,0.05,0.0625,0.0625,0.003125,1000,1000,1000,1000,1.0,0.996173241514445,1.0,0,120000,29641,0,0,0,"[20260930, 4, 4, 4, 16, 1, 2, 2]",1bd59b8ae4bd6e37dd5d021b08b5c2abccd409721ad99272a291731e1dcd3806
Pipelined bitonic adaptation,4,4,4,16,duplicates_allowed,0.1,0.0625,0.0625,0.00625,1000,1000,1000,1000,1.0,0.996173241514445,1.0,0,80000,13329,0,0,0,"[20260930, 4, 4, 4, 16, 1, 2, 1]",1bd59b8ae4bd6e37dd5d021b08b5c2abccd409721ad99272a291731e1dcd3806
Rank adaptation,4,4,4,16,duplicates_allowed,0.1,0.0625,0.0625,0.00625,1000,1000,1000,1000,1.0,0.996173241514445,1.0,0,120000,29641,0,0,0,"[20260930, 4, 4, 4, 16, 1, 2, 2]",1bd59b8ae4bd6e37dd5d021b08b5c2abccd409721ad99272a291731e1dcd3806
Pipelined bitonic adaptation,4,4,4,16,duplicates_allowed,0.15,0.0625,0.0625,0.009375,1000,1000,996,996,0.996,0.9897604437227377,0.9984434118595916,0,80000,13331,9,0,5,"[20260930, 4, 4, 4, 16, 1, 2, 1]",1bd59b8ae4bd6e37dd5d021b08b5c2abccd409721ad99272a291731e1dcd3806
Rank adaptation,4,4,4,16,duplicates_allowed,0.15,0.0625,0.0625,0.009375,1000,998,997,996,0.997,0.9912169859464969,0.9989792161188614,2,120000,29641,4,0,5,"[20260930, 4, 4, 4, 16, 1, 2, 2]",1bd59b8ae4bd6e37dd5d021b08b5c2abccd409721ad99272a291731e1dcd3806
Pipelined bitonic adaptation,4,4,4,16,duplicates_allowed,0.2,0.0625,0.0625,0.0125,1000,1000,951,915,0.951,0.9358092984933898,0.9627389653526394,0,80000,13343,103,0,126,"[20260930, 4, 4, 4, 16, 1, 2, 1]",1bd59b8ae4bd6e37dd5d021b08b5c2abccd409721ad99272a291731e1dcd3806
Rank adaptation,4,4,4,16,duplicates_allowed,0.2,0.0625,0.0625,0.0125,1000,976,952,927,0.952,0.936933911349866,0.963606698979192,24,120000,29640,83,0,62,"[20260930, 4, 4, 4, 16, 1, 2, 2]",1bd59b8ae4bd6e37dd5d021b08b5c2abccd409721ad99272a291731e1dcd3806
Pipelined bitonic adaptation,4,4,4,16,duplicates_allowed,0.25,0.0625,0.0625,0.015625,1000,1000,879,742,0.879,0.8573230993571588,0.8977762177107904,0,80000,13358,335,0,489,"[20260930, 4, 4, 4, 16, 1, 2, 1]",1bd59b8ae4bd6e37dd5d021b08b5c2abccd409721ad99272a291731e1dcd3806
Rank adaptation,4,4,4,16,duplicates_allowed,0.25,0.0625,0.0625,0.015625,1000,890,802,703,0.802,0.776166200305855,0.8255224375688698,110,120000,29658,325,0,305,"[20260930, 4, 4, 4, 16, 1, 2, 2]",1bd59b8ae4bd6e37dd5d021b08b5c2abccd409721ad99272a291731e1dcd3806
Pipelined bitonic adaptation,8,8,8,2,distinct,0.0,0.00390625,0.00390625,0.0,1000,1000,1000,1000,1.0,0.996173241514445,1.0,0,1000,270,0,0,0,"[20260930, 8, 8, 8, 2, 0, 1, 1]",6887b230c8f5b882177818d5277a061aec79c3d3d060cb7a4b5834cedad6d285
Rank adaptation,8,8,8,2,distinct,0.0,0.00390625,0.00390625,0.0,1000,1000,1000,1000,1.0,0.996173241514445,1.0,0,1000,270,0,0,0,"[20260930, 8, 8, 8, 2, 0, 1, 2]",6887b230c8f5b882177818d5277a061aec79c3d3d060cb7a4b5834cedad6d285
Pipelined bitonic adaptation,8,8,8,2,distinct,0.05,0.00390625,0.00390625,0.0001953125,1000,1000,1000,1000,1.0,0.996173241514445,1.0,0,1000,270,0,0,0,"[20260930, 8, 8, 8, 2, 0, 2, 1]",6887b230c8f5b882177818d5277a061aec79c3d3d060cb7a4b5834cedad6d285
Rank adaptation,8,8,8,2,distinct,0.05,0.00390625,0.00390625,0.0001953125,1000,1000,1000,1000,1.0,0.996173241514445,1.0,0,1000,270,0,0,0,"[20260930, 8, 8, 8, 2, 0, 2, 2]",6887b230c8f5b882177818d5277a061aec79c3d3d060cb7a4b5834cedad6d285
Pipelined bitonic adaptation,8,8,8,2,distinct,0.1,0.00390625,0.00390625,0.000390625,1000,1000,1000,1000,1.0,0.996173241514445,1.0,0,1000,270,0,0,0,"[20260930, 8, 8, 8, 2, 0, 2, 1]",6887b230c8f5b882177818d5277a061aec79c3d3d060cb7a4b5834cedad6d285
Rank adaptation,8,8,8,2,distinct,0.1,0.00390625,0.00390625,0.000390625,1000,1000,1000,1000,1.0,0.996173241514445,1.0,0,1000,270,0,0,0,"[20260930, 8, 8, 8, 2, 0, 2, 2]",6887b230c8f5b882177818d5277a061aec79c3d3d060cb7a4b5834cedad6d285
Pipelined bitonic adaptation,8,8,8,2,distinct,0.15,0.00390625,0.00390625,0.0005859375,1000,1000,1000,1000,1.0,0.996173241514445,1.0,0,1000,270,0,0,0,"[20260930, 8, 8, 8, 2, 0, 2, 1]",6887b230c8f5b882177818d5277a061aec79c3d3d060cb7a4b5834cedad6d285
Rank adaptation,8,8,8,2,distinct,0.15,0.00390625,0.00390625,0.0005859375,1000,1000,1000,1000,1.0,0.996173241514445,1.0,0,1000,270,0,0,0,"[20260930, 8, 8, 8, 2, 0, 2, 2]",6887b230c8f5b882177818d5277a061aec79c3d3d060cb7a4b5834cedad6d285
Pipelined bitonic adaptation,8,8,8,2,distinct,0.2,0.00390625,0.00390625,0.00078125,1000,1000,1000,1000,1.0,0.996173241514445,1.0,0,1000,270,0,0,0,"[20260930, 8, 8, 8, 2, 0, 2, 1]",6887b230c8f5b882177818d5277a061aec79c3d3d060cb7a4b5834cedad6d285
Rank adaptation,8,8,8,2,distinct,0.2,0.00390625,0.00390625,0.00078125,1000,1000,1000,1000,1.0,0.996173241514445,1.0,0,1000,270,0,0,0,"[20260930, 8, 8, 8, 2, 0, 2, 2]",6887b230c8f5b882177818d5277a061aec79c3d3d060cb7a4b5834cedad6d285
Pipelined bitonic adaptation,8,8,8,2,distinct,0.25,0.00390625,0.00390625,0.0009765625,1000,1000,1000,1000,1.0,0.996173241514445,1.0,0,1000,270,0,0,0,"[20260930, 8, 8, 8, 2, 0, 2, 1]",6887b230c8f5b882177818d5277a061aec79c3d3d060cb7a4b5834cedad6d285
Rank adaptation,8,8,8,2,distinct,0.25,0.00390625,0.00390625,0.0009765625,1000,1000,1000,1000,1.0,0.996173241514445,1.0,0,1000,270,0,0,0,"[20260930, 8, 8, 8, 2, 0, 2, 2]",6887b230c8f5b882177818d5277a061aec79c3d3d060cb7a4b5834cedad6d285
Pipelined bitonic adaptation,8,8,8,2,duplicates_allowed,0.0,0.00390625,0.00390625,0.0,1000,1000,1000,1000,1.0,0.996173241514445,1.0,0,1000,234,0,0,0,"[20260930, 8, 8, 8, 2, 1, 1, 1]",4366440412f639ce5777c2a954bc54c89b5620ddf63f27ce495827eb0b9f8bdf
Rank adaptation,8,8,8,2,duplicates_allowed,0.0,0.00390625,0.00390625,0.0,1000,1000,1000,1000,1.0,0.996173241514445,1.0,0,1000,234,0,0,0,"[20260930, 8, 8, 8, 2, 1, 1, 2]",4366440412f639ce5777c2a954bc54c89b5620ddf63f27ce495827eb0b9f8bdf
Pipelined bitonic adaptation,8,8,8,2,duplicates_allowed,0.05,0.00390625,0.00390625,0.0001953125,1000,1000,1000,1000,1.0,0.996173241514445,1.0,0,1000,234,0,0,0,"[20260930, 8, 8, 8, 2, 1, 2, 1]",4366440412f639ce5777c2a954bc54c89b5620ddf63f27ce495827eb0b9f8bdf
Rank adaptation,8,8,8,2,duplicates_allowed,0.05,0.00390625,0.00390625,0.0001953125,1000,1000,1000,1000,1.0,0.996173241514445,1.0,0,1000,234,0,0,0,"[20260930, 8, 8, 8, 2, 1, 2, 2]",4366440412f639ce5777c2a954bc54c89b5620ddf63f27ce495827eb0b9f8bdf
Pipelined bitonic adaptation,8,8,8,2,duplicates_allowed,0.1,0.00390625,0.00390625,0.000390625,1000,1000,1000,1000,1.0,0.996173241514445,1.0,0,1000,234,0,0,0,"[20260930, 8, 8, 8, 2, 1, 2, 1]",4366440412f639ce5777c2a954bc54c89b5620ddf63f27ce495827eb0b9f8bdf
Rank adaptation,8,8,8,2,duplicates_allowed,0.1,0.00390625,0.00390625,0.000390625,1000,1000,1000,1000,1.0,0.996173241514445,1.0,0,1000,234,0,0,0,"[20260930, 8, 8, 8, 2, 1, 2, 2]",4366440412f639ce5777c2a954bc54c89b5620ddf63f27ce495827eb0b9f8bdf
Pipelined bitonic adaptation,8,8,8,2,duplicates_allowed,0.15,0.00390625,0.00390625,0.0005859375,1000,1000,1000,1000,1.0,0.996173241514445,1.0,0,1000,234,0,0,0,"[20260930, 8, 8, 8, 2, 1, 2, 1]",4366440412f639ce5777c2a954bc54c89b5620ddf63f27ce495827eb0b9f8bdf
Rank adaptation,8,8,8,2,duplicates_allowed,0.15,0.00390625,0.00390625,0.0005859375,1000,1000,1000,1000,1.0,0.996173241514445,1.0,0,1000,234,0,0,0,"[20260930, 8, 8, 8, 2, 1, 2, 2]",4366440412f639ce5777c2a954bc54c89b5620ddf63f27ce495827eb0b9f8bdf
Pipelined bitonic adaptation,8,8,8,2,duplicates_allowed,0.2,0.00390625,0.00390625,0.00078125,1000,1000,1000,1000,1.0,0.996173241514445,1.0,0,1000,234,0,0,0,"[20260930, 8, 8, 8, 2, 1, 2, 1]",4366440412f639ce5777c2a954bc54c89b5620ddf63f27ce495827eb0b9f8bdf
Rank adaptation,8,8,8,2,duplicates_allowed,0.2,0.00390625,0.00390625,0.00078125,1000,1000,1000,1000,1.0,0.996173241514445,1.0,0,1000,234,0,0,0,"[20260930, 8, 8, 8, 2, 1, 2, 2]",4366440412f639ce5777c2a954bc54c89b5620ddf63f27ce495827eb0b9f8bdf
Pipelined bitonic adaptation,8,8,8,2,duplicates_allowed,0.25,0.00390625,0.00390625,0.0009765625,1000,1000,1000,1000,1.0,0.996173241514445,1.0,0,1000,234,0,0,0,"[20260930, 8, 8, 8, 2, 1, 2, 1]",4366440412f639ce5777c2a954bc54c89b5620ddf63f27ce495827eb0b9f8bdf
Rank adaptation,8,8,8,2,duplicates_allowed,0.25,0.00390625,0.00390625,0.0009765625,1000,1000,1000,1000,1.0,0.996173241514445,1.0,0,1000,234,0,0,0,"[20260930, 8, 8, 8, 2, 1, 2, 2]",4366440412f639ce5777c2a954bc54c89b5620ddf63f27ce495827eb0b9f8bdf
Pipelined bitonic adaptation,8,8,8,4,distinct,0.0,0.00390625,0.00390625,0.0,1000,1000,1000,1000,1.0,0.996173241514445,1.0,0,6000,1358,0,0,0,"[20260930, 8, 8, 8, 4, 0, 1, 1]",25247cb898d7e9e0c75a893804f654fe071dd8c909007142859d461fd721dc20
Rank adaptation,8,8,8,4,distinct,0.0,0.00390625,0.00390625,0.0,1000,1000,1000,1000,1.0,0.996173241514445,1.0,0,6000,1528,0,0,0,"[20260930, 8, 8, 8, 4, 0, 1, 2]",25247cb898d7e9e0c75a893804f654fe071dd8c909007142859d461fd721dc20
Pipelined bitonic adaptation,8,8,8,4,distinct,0.05,0.00390625,0.00390625,0.0001953125,1000,1000,1000,1000,1.0,0.996173241514445,1.0,0,6000,1358,0,0,0,"[20260930, 8, 8, 8, 4, 0, 2, 1]",25247cb898d7e9e0c75a893804f654fe071dd8c909007142859d461fd721dc20
Rank adaptation,8,8,8,4,distinct,0.05,0.00390625,0.00390625,0.0001953125,1000,1000,1000,1000,1.0,0.996173241514445,1.0,0,6000,1528,0,0,0,"[20260930, 8, 8, 8, 4, 0, 2, 2]",25247cb898d7e9e0c75a893804f654fe071dd8c909007142859d461fd721dc20
Pipelined bitonic adaptation,8,8,8,4,distinct,0.1,0.00390625,0.00390625,0.000390625,1000,1000,1000,1000,1.0,0.996173241514445,1.0,0,6000,1358,0,0,0,"[20260930, 8, 8, 8, 4, 0, 2, 1]",25247cb898d7e9e0c75a893804f654fe071dd8c909007142859d461fd721dc20
Rank adaptation,8,8,8,4,distinct,0.1,0.00390625,0.00390625,0.000390625,1000,1000,1000,1000,1.0,0.996173241514445,1.0,0,6000,1528,0,0,0,"[20260930, 8, 8, 8, 4, 0, 2, 2]",25247cb898d7e9e0c75a893804f654fe071dd8c909007142859d461fd721dc20
Pipelined bitonic adaptation,8,8,8,4,distinct,0.15,0.00390625,0.00390625,0.0005859375,1000,1000,1000,1000,1.0,0.996173241514445,1.0,0,6000,1358,0,0,0,"[20260930, 8, 8, 8, 4, 0, 2, 1]",25247cb898d7e9e0c75a893804f654fe071dd8c909007142859d461fd721dc20
Rank adaptation,8,8,8,4,distinct,0.15,0.00390625,0.00390625,0.0005859375,1000,1000,1000,1000,1.0,0.996173241514445,1.0,0,6000,1528,0,0,0,"[20260930, 8, 8, 8, 4, 0, 2, 2]",25247cb898d7e9e0c75a893804f654fe071dd8c909007142859d461fd721dc20
Pipelined bitonic adaptation,8,8,8,4,distinct,0.2,0.00390625,0.00390625,0.00078125,1000,1000,1000,1000,1.0,0.996173241514445,1.0,0,6000,1356,0,0,0,"[20260930, 8, 8, 8, 4, 0, 2, 1]",25247cb898d7e9e0c75a893804f654fe071dd8c909007142859d461fd721dc20
Rank adaptation,8,8,8,4,distinct,0.2,0.00390625,0.00390625,0.00078125,1000,1000,1000,1000,1.0,0.996173241514445,1.0,0,6000,1528,0,0,0,"[20260930, 8, 8, 8, 4, 0, 2, 2]",25247cb898d7e9e0c75a893804f654fe071dd8c909007142859d461fd721dc20
Pipelined bitonic adaptation,8,8,8,4,distinct,0.25,0.00390625,0.00390625,0.0009765625,1000,1000,999,999,0.999,0.9943574414020421,0.9998234536293739,0,6000,1356,1,0,0,"[20260930, 8, 8, 8, 4, 0, 2, 1]",25247cb898d7e9e0c75a893804f654fe071dd8c909007142859d461fd721dc20
Rank adaptation,8,8,8,4,distinct,0.25,0.00390625,0.00390625,0.0009765625,1000,1000,1000,1000,1.0,0.996173241514445,1.0,0,6000,1529,1,0,0,"[20260930, 8, 8, 8, 4, 0, 2, 2]",25247cb898d7e9e0c75a893804f654fe071dd8c909007142859d461fd721dc20
Pipelined bitonic adaptation,8,8,8,4,duplicates_allowed,0.0,0.00390625,0.00390625,0.0,1000,1000,1000,1000,1.0,0.996173241514445,1.0,0,6000,1330,0,0,0,"[20260930, 8, 8, 8, 4, 1, 1, 1]",c09bdc5407d97f853f9c367e1f37284b4b6628570a9703918810028708241641
Rank adaptation,8,8,8,4,duplicates_allowed,0.0,0.00390625,0.00390625,0.0,1000,1000,1000,1000,1.0,0.996173241514445,1.0,0,6000,1486,0,0,0,"[20260930, 8, 8, 8, 4, 1, 1, 2]",c09bdc5407d97f853f9c367e1f37284b4b6628570a9703918810028708241641
Pipelined bitonic adaptation,8,8,8,4,duplicates_allowed,0.05,0.00390625,0.00390625,0.0001953125,1000,1000,1000,1000,1.0,0.996173241514445,1.0,0,6000,1330,0,0,0,"[20260930, 8, 8, 8, 4, 1, 2, 1]",c09bdc5407d97f853f9c367e1f37284b4b6628570a9703918810028708241641
Rank adaptation,8,8,8,4,duplicates_allowed,0.05,0.00390625,0.00390625,0.0001953125,1000,1000,1000,1000,1.0,0.996173241514445,1.0,0,6000,1486,0,0,0,"[20260930, 8, 8, 8, 4, 1, 2, 2]",c09bdc5407d97f853f9c367e1f37284b4b6628570a9703918810028708241641
Pipelined bitonic adaptation,8,8,8,4,duplicates_allowed,0.1,0.00390625,0.00390625,0.000390625,1000,1000,1000,1000,1.0,0.996173241514445,1.0,0,6000,1330,0,0,0,"[20260930, 8, 8, 8, 4, 1, 2, 1]",c09bdc5407d97f853f9c367e1f37284b4b6628570a9703918810028708241641
Rank adaptation,8,8,8,4,duplicates_allowed,0.1,0.00390625,0.00390625,0.000390625,1000,1000,1000,1000,1.0,0.996173241514445,1.0,0,6000,1486,0,0,0,"[20260930, 8, 8, 8, 4, 1, 2, 2]",c09bdc5407d97f853f9c367e1f37284b4b6628570a9703918810028708241641
Pipelined bitonic adaptation,8,8,8,4,duplicates_allowed,0.15,0.00390625,0.00390625,0.0005859375,1000,1000,1000,1000,1.0,0.996173241514445,1.0,0,6000,1330,0,0,0,"[20260930, 8, 8, 8, 4, 1, 2, 1]",c09bdc5407d97f853f9c367e1f37284b4b6628570a9703918810028708241641
Rank adaptation,8,8,8,4,duplicates_allowed,0.15,0.00390625,0.00390625,0.0005859375,1000,1000,1000,1000,1.0,0.996173241514445,1.0,0,6000,1486,0,0,0,"[20260930, 8, 8, 8, 4, 1, 2, 2]",c09bdc5407d97f853f9c367e1f37284b4b6628570a9703918810028708241641
Pipelined bitonic adaptation,8,8,8,4,duplicates_allowed,0.2,0.00390625,0.00390625,0.00078125,1000,1000,999,997,0.999,0.9943574414020421,0.9998234536293739,0,6000,1330,1,0,2,"[20260930, 8, 8, 8, 4, 1, 2, 1]",c09bdc5407d97f853f9c367e1f37284b4b6628570a9703918810028708241641
Rank adaptation,8,8,8,4,duplicates_allowed,0.2,0.00390625,0.00390625,0.00078125,1000,1000,999,999,0.999,0.9943574414020421,0.9998234536293739,0,6000,1486,1,0,0,"[20260930, 8, 8, 8, 4, 1, 2, 2]",c09bdc5407d97f853f9c367e1f37284b4b6628570a9703918810028708241641
Pipelined bitonic adaptation,8,8,8,4,duplicates_allowed,0.25,0.00390625,0.00390625,0.0009765625,1000,1000,999,997,0.999,0.9943574414020421,0.9998234536293739,0,6000,1330,1,0,2,"[20260930, 8, 8, 8, 4, 1, 2, 1]",c09bdc5407d97f853f9c367e1f37284b4b6628570a9703918810028708241641
Rank adaptation,8,8,8,4,duplicates_allowed,0.25,0.00390625,0.00390625,0.0009765625,1000,1000,999,998,0.999,0.9943574414020421,0.9998234536293739,0,6000,1486,1,0,1,"[20260930, 8, 8, 8, 4, 1, 2, 2]",c09bdc5407d97f853f9c367e1f37284b4b6628570a9703918810028708241641
Pipelined bitonic adaptation,8,8,8,8,distinct,0.0,0.00390625,0.00390625,0.0,1000,1000,1000,1000,1.0,0.996173241514445,1.0,0,24000,4666,0,0,0,"[20260930, 8, 8, 8, 8, 0, 1, 1]",906e92e2f0cc99b07954fc0486b404768302eec07ade54a000847c569b11c23b
Rank adaptation,8,8,8,8,distinct,0.0,0.00390625,0.00390625,0.0,1000,1000,1000,1000,1.0,0.996173241514445,1.0,0,28000,7045,0,0,0,"[20260930, 8, 8, 8, 8, 0, 1, 2]",906e92e2f0cc99b07954fc0486b404768302eec07ade54a000847c569b11c23b
Pipelined bitonic adaptation,8,8,8,8,distinct,0.05,0.00390625,0.00390625,0.0001953125,1000,1000,1000,1000,1.0,0.996173241514445,1.0,0,24000,4666,0,0,0,"[20260930, 8, 8, 8, 8, 0, 2, 1]",906e92e2f0cc99b07954fc0486b404768302eec07ade54a000847c569b11c23b
Rank adaptation,8,8,8,8,distinct,0.05,0.00390625,0.00390625,0.0001953125,1000,1000,1000,1000,1.0,0.996173241514445,1.0,0,28000,7045,0,0,0,"[20260930, 8, 8, 8, 8, 0, 2, 2]",906e92e2f0cc99b07954fc0486b404768302eec07ade54a000847c569b11c23b
Pipelined bitonic adaptation,8,8,8,8,distinct,0.1,0.00390625,0.00390625,0.000390625,1000,1000,1000,1000,1.0,0.996173241514445,1.0,0,24000,4666,0,0,0,"[20260930, 8, 8, 8, 8, 0, 2, 1]",906e92e2f0cc99b07954fc0486b404768302eec07ade54a000847c569b11c23b
Rank adaptation,8,8,8,8,distinct,0.1,0.00390625,0.00390625,0.000390625,1000,1000,1000,1000,1.0,0.996173241514445,1.0,0,28000,7045,0,0,0,"[20260930, 8, 8, 8, 8, 0, 2, 2]",906e92e2f0cc99b07954fc0486b404768302eec07ade54a000847c569b11c23b
Pipelined bitonic adaptation,8,8,8,8,distinct,0.15,0.00390625,0.00390625,0.0005859375,1000,1000,1000,1000,1.0,0.996173241514445,1.0,0,24000,4666,0,0,0,"[20260930, 8, 8, 8, 8, 0, 2, 1]",906e92e2f0cc99b07954fc0486b404768302eec07ade54a000847c569b11c23b
Rank adaptation,8,8,8,8,distinct,0.15,0.00390625,0.00390625,0.0005859375,1000,1000,1000,1000,1.0,0.996173241514445,1.0,0,28000,7045,0,0,0,"[20260930, 8, 8, 8, 8, 0, 2, 2]",906e92e2f0cc99b07954fc0486b404768302eec07ade54a000847c569b11c23b
Pipelined bitonic adaptation,8,8,8,8,distinct,0.2,0.00390625,0.00390625,0.00078125,1000,1000,999,999,0.999,0.9943574414020421,0.9998234536293739,0,24000,4666,1,0,0,"[20260930, 8, 8, 8, 8, 0, 2, 1]",906e92e2f0cc99b07954fc0486b404768302eec07ade54a000847c569b11c23b
Rank adaptation,8,8,8,8,distinct,0.2,0.00390625,0.00390625,0.00078125,1000,1000,998,998,0.998,0.9927371921365079,0.9994513564118793,0,28000,7045,2,0,0,"[20260930, 8, 8, 8, 8, 0, 2, 2]",906e92e2f0cc99b07954fc0486b404768302eec07ade54a000847c569b11c23b
Pipelined bitonic adaptation,8,8,8,8,distinct,0.25,0.00390625,0.00390625,0.0009765625,1000,1000,998,998,0.998,0.9927371921365079,0.9994513564118793,0,24000,4665,8,0,0,"[20260930, 8, 8, 8, 8, 0, 2, 1]",906e92e2f0cc99b07954fc0486b404768302eec07ade54a000847c569b11c23b
Rank adaptation,8,8,8,8,distinct,0.25,0.00390625,0.00390625,0.0009765625,1000,1000,996,996,0.996,0.9897604437227377,0.9984434118595916,0,28000,7046,6,0,0,"[20260930, 8, 8, 8, 8, 0, 2, 2]",906e92e2f0cc99b07954fc0486b404768302eec07ade54a000847c569b11c23b
Pipelined bitonic adaptation,8,8,8,8,duplicates_allowed,0.0,0.00390625,0.00390625,0.0,1000,1000,1000,1000,1.0,0.996173241514445,1.0,0,24000,4651,0,0,0,"[20260930, 8, 8, 8, 8, 1, 1, 1]",fc3b33024cd97e5eec84b6cb9f057668221ca29c311bc69f1c2ca799987fca7d
Rank adaptation,8,8,8,8,duplicates_allowed,0.0,0.00390625,0.00390625,0.0,1000,1000,1000,1000,1.0,0.996173241514445,1.0,0,28000,7065,0,0,0,"[20260930, 8, 8, 8, 8, 1, 1, 2]",fc3b33024cd97e5eec84b6cb9f057668221ca29c311bc69f1c2ca799987fca7d
Pipelined bitonic adaptation,8,8,8,8,duplicates_allowed,0.05,0.00390625,0.00390625,0.0001953125,1000,1000,1000,1000,1.0,0.996173241514445,1.0,0,24000,4651,0,0,0,"[20260930, 8, 8, 8, 8, 1, 2, 1]",fc3b33024cd97e5eec84b6cb9f057668221ca29c311bc69f1c2ca799987fca7d
Rank adaptation,8,8,8,8,duplicates_allowed,0.05,0.00390625,0.00390625,0.0001953125,1000,1000,1000,1000,1.0,0.996173241514445,1.0,0,28000,7065,0,0,0,"[20260930, 8, 8, 8, 8, 1, 2, 2]",fc3b33024cd97e5eec84b6cb9f057668221ca29c311bc69f1c2ca799987fca7d
Pipelined bitonic adaptation,8,8,8,8,duplicates_allowed,0.1,0.00390625,0.00390625,0.000390625,1000,1000,1000,1000,1.0,0.996173241514445,1.0,0,24000,4651,0,0,0,"[20260930, 8, 8, 8, 8, 1, 2, 1]",fc3b33024cd97e5eec84b6cb9f057668221ca29c311bc69f1c2ca799987fca7d
Rank adaptation,8,8,8,8,duplicates_allowed,0.1,0.00390625,0.00390625,0.000390625,1000,1000,1000,1000,1.0,0.996173241514445,1.0,0,28000,7065,0,0,0,"[20260930, 8, 8, 8, 8, 1, 2, 2]",fc3b33024cd97e5eec84b6cb9f057668221ca29c311bc69f1c2ca799987fca7d
Pipelined bitonic adaptation,8,8,8,8,duplicates_allowed,0.15,0.00390625,0.00390625,0.0005859375,1000,1000,1000,1000,1.0,0.996173241514445,1.0,0,24000,4651,0,0,0,"[20260930, 8, 8, 8, 8, 1, 2, 1]",fc3b33024cd97e5eec84b6cb9f057668221ca29c311bc69f1c2ca799987fca7d
Rank adaptation,8,8,8,8,duplicates_allowed,0.15,0.00390625,0.00390625,0.0005859375,1000,1000,999,999,0.999,0.9943574414020421,0.9998234536293739,0,28000,7065,1,0,1,"[20260930, 8, 8, 8, 8, 1, 2, 2]",fc3b33024cd97e5eec84b6cb9f057668221ca29c311bc69f1c2ca799987fca7d
Pipelined bitonic adaptation,8,8,8,8,duplicates_allowed,0.2,0.00390625,0.00390625,0.00078125,1000,1000,998,996,0.998,0.9927371921365079,0.9994513564118793,0,24000,4650,3,0,2,"[20260930, 8, 8, 8, 8, 1, 2, 1]",fc3b33024cd97e5eec84b6cb9f057668221ca29c311bc69f1c2ca799987fca7d
Rank adaptation,8,8,8,8,duplicates_allowed,0.2,0.00390625,0.00390625,0.00078125,1000,1000,999,999,0.999,0.9943574414020421,0.9998234536293739,0,28000,7066,1,0,1,"[20260930, 8, 8, 8, 8, 1, 2, 2]",fc3b33024cd97e5eec84b6cb9f057668221ca29c311bc69f1c2ca799987fca7d
Pipelined bitonic adaptation,8,8,8,8,duplicates_allowed,0.25,0.00390625,0.00390625,0.0009765625,1000,1000,998,994,0.998,0.9927371921365079,0.9994513564118793,0,24000,4649,8,0,7,"[20260930, 8, 8, 8, 8, 1, 2, 1]",fc3b33024cd97e5eec84b6cb9f057668221ca29c311bc69f1c2ca799987fca7d
Rank adaptation,8,8,8,8,duplicates_allowed,0.25,0.00390625,0.00390625,0.0009765625,1000,1000,996,995,0.996,0.9897604437227377,0.9984434118595916,0,28000,7066,6,0,3,"[20260930, 8, 8, 8, 8, 1, 2, 2]",fc3b33024cd97e5eec84b6cb9f057668221ca29c311bc69f1c2ca799987fca7d
Pipelined bitonic adaptation,8,8,8,16,distinct,0.0,0.00390625,0.00390625,0.0,1000,1000,1000,1000,1.0,0.996173241514445,1.0,0,80000,13424,0,0,0,"[20260930, 8, 8, 8, 16, 0, 1, 1]",a2f89d5f47862e3124456dfec2ef41606e127114e375800b2f50df3971ac9152
Rank adaptation,8,8,8,16,distinct,0.0,0.00390625,0.00390625,0.0,1000,1000,1000,1000,1.0,0.996173241514445,1.0,0,120000,30130,0,0,0,"[20260930, 8, 8, 8, 16, 0, 1, 2]",a2f89d5f47862e3124456dfec2ef41606e127114e375800b2f50df3971ac9152
Pipelined bitonic adaptation,8,8,8,16,distinct,0.05,0.00390625,0.00390625,0.0001953125,1000,1000,1000,1000,1.0,0.996173241514445,1.0,0,80000,13424,0,0,0,"[20260930, 8, 8, 8, 16, 0, 2, 1]",a2f89d5f47862e3124456dfec2ef41606e127114e375800b2f50df3971ac9152
Rank adaptation,8,8,8,16,distinct,0.05,0.00390625,0.00390625,0.0001953125,1000,1000,1000,1000,1.0,0.996173241514445,1.0,0,120000,30130,0,0,0,"[20260930, 8, 8, 8, 16, 0, 2, 2]",a2f89d5f47862e3124456dfec2ef41606e127114e375800b2f50df3971ac9152
Pipelined bitonic adaptation,8,8,8,16,distinct,0.1,0.00390625,0.00390625,0.000390625,1000,1000,1000,1000,1.0,0.996173241514445,1.0,0,80000,13424,0,0,0,"[20260930, 8, 8, 8, 16, 0, 2, 1]",a2f89d5f47862e3124456dfec2ef41606e127114e375800b2f50df3971ac9152
Rank adaptation,8,8,8,16,distinct,0.1,0.00390625,0.00390625,0.000390625,1000,1000,1000,1000,1.0,0.996173241514445,1.0,0,120000,30130,0,0,0,"[20260930, 8, 8, 8, 16, 0, 2, 2]",a2f89d5f47862e3124456dfec2ef41606e127114e375800b2f50df3971ac9152
Pipelined bitonic adaptation,8,8,8,16,distinct,0.15,0.00390625,0.00390625,0.0005859375,1000,1000,1000,1000,1.0,0.996173241514445,1.0,0,80000,13424,0,0,0,"[20260930, 8, 8, 8, 16, 0, 2, 1]",a2f89d5f47862e3124456dfec2ef41606e127114e375800b2f50df3971ac9152
Rank adaptation,8,8,8,16,distinct,0.15,0.00390625,0.00390625,0.0005859375,1000,1000,999,999,0.999,0.9943574414020421,0.9998234536293739,0,120000,30129,1,0,0,"[20260930, 8, 8, 8, 16, 0, 2, 2]",a2f89d5f47862e3124456dfec2ef41606e127114e375800b2f50df3971ac9152
Pipelined bitonic adaptation,8,8,8,16,distinct,0.2,0.00390625,0.00390625,0.00078125,1000,1000,1000,1000,1.0,0.996173241514445,1.0,0,80000,13423,4,0,0,"[20260930, 8, 8, 8, 16, 0, 2, 1]",a2f89d5f47862e3124456dfec2ef41606e127114e375800b2f50df3971ac9152
Rank adaptation,8,8,8,16,distinct,0.2,0.00390625,0.00390625,0.00078125,1000,1000,996,996,0.996,0.9897604437227377,0.9984434118595916,0,120000,30127,6,0,0,"[20260930, 8, 8, 8, 16, 0, 2, 2]",a2f89d5f47862e3124456dfec2ef41606e127114e375800b2f50df3971ac9152
Pipelined bitonic adaptation,8,8,8,16,distinct,0.25,0.00390625,0.00390625,0.0009765625,1000,1000,990,990,0.99,0.9816905311296853,0.9945592455544707,0,80000,13422,33,0,0,"[20260930, 8, 8, 8, 16, 0, 2, 1]",a2f89d5f47862e3124456dfec2ef41606e127114e375800b2f50df3971ac9152
Rank adaptation,8,8,8,16,distinct,0.25,0.00390625,0.00390625,0.0009765625,1000,1000,986,986,0.986,0.9766379658824644,0.9916424248695761,0,120000,30129,22,0,0,"[20260930, 8, 8, 8, 16, 0, 2, 2]",a2f89d5f47862e3124456dfec2ef41606e127114e375800b2f50df3971ac9152
Pipelined bitonic adaptation,8,8,8,16,duplicates_allowed,0.0,0.00390625,0.00390625,0.0,1000,1000,1000,1000,1.0,0.996173241514445,1.0,0,80000,13452,0,0,0,"[20260930, 8, 8, 8, 16, 1, 1, 1]",b974457253242a55e4227547fb50c798045ad06aa07e94262b86ddd35f5c6939
Rank adaptation,8,8,8,16,duplicates_allowed,0.0,0.00390625,0.00390625,0.0,1000,1000,1000,1000,1.0,0.996173241514445,1.0,0,120000,30315,0,0,0,"[20260930, 8, 8, 8, 16, 1, 1, 2]",b974457253242a55e4227547fb50c798045ad06aa07e94262b86ddd35f5c6939
Pipelined bitonic adaptation,8,8,8,16,duplicates_allowed,0.05,0.00390625,0.00390625,0.0001953125,1000,1000,1000,1000,1.0,0.996173241514445,1.0,0,80000,13452,0,0,0,"[20260930, 8, 8, 8, 16, 1, 2, 1]",b974457253242a55e4227547fb50c798045ad06aa07e94262b86ddd35f5c6939
Rank adaptation,8,8,8,16,duplicates_allowed,0.05,0.00390625,0.00390625,0.0001953125,1000,1000,1000,1000,1.0,0.996173241514445,1.0,0,120000,30315,0,0,0,"[20260930, 8, 8, 8, 16, 1, 2, 2]",b974457253242a55e4227547fb50c798045ad06aa07e94262b86ddd35f5c6939
Pipelined bitonic adaptation,8,8,8,16,duplicates_allowed,0.1,0.00390625,0.00390625,0.000390625,1000,1000,1000,1000,1.0,0.996173241514445,1.0,0,80000,13452,0,0,0,"[20260930, 8, 8, 8, 16, 1, 2, 1]",b974457253242a55e4227547fb50c798045ad06aa07e94262b86ddd35f5c6939
Rank adaptation,8,8,8,16,duplicates_allowed,0.1,0.00390625,0.00390625,0.000390625,1000,1000,1000,1000,1.0,0.996173241514445,1.0,0,120000,30315,0,0,0,"[20260930, 8, 8, 8, 16, 1, 2, 2]",b974457253242a55e4227547fb50c798045ad06aa07e94262b86ddd35f5c6939
Pipelined bitonic adaptation,8,8,8,16,duplicates_allowed,0.15,0.00390625,0.00390625,0.0005859375,1000,1000,999,999,0.999,0.9943574414020421,0.9998234536293739,0,80000,13452,3,0,0,"[20260930, 8, 8, 8, 16, 1, 2, 1]",b974457253242a55e4227547fb50c798045ad06aa07e94262b86ddd35f5c6939
Rank adaptation,8,8,8,16,duplicates_allowed,0.15,0.00390625,0.00390625,0.0005859375,1000,1000,1000,1000,1.0,0.996173241514445,1.0,0,120000,30316,0,0,1,"[20260930, 8, 8, 8, 16, 1, 2, 2]",b974457253242a55e4227547fb50c798045ad06aa07e94262b86ddd35f5c6939
Pipelined bitonic adaptation,8,8,8,16,duplicates_allowed,0.2,0.00390625,0.00390625,0.00078125,1000,1000,998,993,0.998,0.9927371921365079,0.9994513564118793,0,80000,13453,7,0,10,"[20260930, 8, 8, 8, 16, 1, 2, 1]",b974457253242a55e4227547fb50c798045ad06aa07e94262b86ddd35f5c6939
Rank adaptation,8,8,8,16,duplicates_allowed,0.2,0.00390625,0.00390625,0.00078125,1000,1000,999,998,0.999,0.9943574414020421,0.9998234536293739,0,120000,30316,5,0,3,"[20260930, 8, 8, 8, 16, 1, 2, 2]",b974457253242a55e4227547fb50c798045ad06aa07e94262b86ddd35f5c6939
Pipelined bitonic adaptation,8,8,8,16,duplicates_allowed,0.25,0.00390625,0.00390625,0.0009765625,1000,1000,990,973,0.99,0.9816905311296853,0.9945592455544707,0,80000,13453,27,0,35,"[20260930, 8, 8, 8, 16, 1, 2, 1]",b974457253242a55e4227547fb50c798045ad06aa07e94262b86ddd35f5c6939
Rank adaptation,8,8,8,16,duplicates_allowed,0.25,0.00390625,0.00390625,0.0009765625,1000,1000,993,979,0.993,0.9856216845342334,0.9966051315990092,0,120000,30313,21,0,25,"[20260930, 8, 8, 8, 16, 1, 2, 2]",b974457253242a55e4227547fb50c798045ad06aa07e94262b86ddd35f5c6939
Pipelined bitonic adaptation,8,8,8,32,distinct,0.0,0.00390625,0.00390625,0.0,1000,1000,1000,1000,1.0,0.996173241514445,1.0,0,240000,35270,0,0,0,"[20260930, 8, 8, 8, 32, 0, 1, 1]",132dc04aaefe973d42b13759dd0c734a995a3e1330cf4c0e4c1428c76549acfb
Rank adaptation,8,8,8,32,distinct,0.0,0.00390625,0.00390625,0.0,1000,1000,1000,1000,1.0,0.996173241514445,1.0,0,496000,124362,0,0,0,"[20260930, 8, 8, 8, 32, 0, 1, 2]",132dc04aaefe973d42b13759dd0c734a995a3e1330cf4c0e4c1428c76549acfb
Pipelined bitonic adaptation,8,8,8,32,distinct,0.05,0.00390625,0.00390625,0.0001953125,1000,1000,1000,1000,1.0,0.996173241514445,1.0,0,240000,35270,0,0,0,"[20260930, 8, 8, 8, 32, 0, 2, 1]",132dc04aaefe973d42b13759dd0c734a995a3e1330cf4c0e4c1428c76549acfb
Rank adaptation,8,8,8,32,distinct,0.05,0.00390625,0.00390625,0.0001953125,1000,1000,1000,1000,1.0,0.996173241514445,1.0,0,496000,124362,0,0,0,"[20260930, 8, 8, 8, 32, 0, 2, 2]",132dc04aaefe973d42b13759dd0c734a995a3e1330cf4c0e4c1428c76549acfb
Pipelined bitonic adaptation,8,8,8,32,distinct,0.1,0.00390625,0.00390625,0.000390625,1000,1000,1000,1000,1.0,0.996173241514445,1.0,0,240000,35270,0,0,0,"[20260930, 8, 8, 8, 32, 0, 2, 1]",132dc04aaefe973d42b13759dd0c734a995a3e1330cf4c0e4c1428c76549acfb
Rank adaptation,8,8,8,32,distinct,0.1,0.00390625,0.00390625,0.000390625,1000,1000,1000,1000,1.0,0.996173241514445,1.0,0,496000,124362,0,0,0,"[20260930, 8, 8, 8, 32, 0, 2, 2]",132dc04aaefe973d42b13759dd0c734a995a3e1330cf4c0e4c1428c76549acfb
Pipelined bitonic adaptation,8,8,8,32,distinct,0.15,0.00390625,0.00390625,0.0005859375,1000,1000,998,998,0.998,0.9927371921365079,0.9994513564118793,0,240000,35271,3,0,0,"[20260930, 8, 8, 8, 32, 0, 2, 1]",132dc04aaefe973d42b13759dd0c734a995a3e1330cf4c0e4c1428c76549acfb
Rank adaptation,8,8,8,32,distinct,0.15,0.00390625,0.00390625,0.0005859375,1000,1000,1000,1000,1.0,0.996173241514445,1.0,0,496000,124363,3,0,0,"[20260930, 8, 8, 8, 32, 0, 2, 2]",132dc04aaefe973d42b13759dd0c734a995a3e1330cf4c0e4c1428c76549acfb
Pipelined bitonic adaptation,8,8,8,32,distinct,0.2,0.00390625,0.00390625,0.00078125,1000,1000,989,989,0.989,0.9804106042992137,0.9938468259019134,0,240000,35269,28,0,0,"[20260930, 8, 8, 8, 32, 0, 2, 1]",132dc04aaefe973d42b13759dd0c734a995a3e1330cf4c0e4c1428c76549acfb
Rank adaptation,8,8,8,32,distinct,0.2,0.00390625,0.00390625,0.00078125,1000,1000,991,991,0.991,0.982984183834662,0.9952579393325229,0,496000,124370,24,0,0,"[20260930, 8, 8, 8, 32, 0, 2, 2]",132dc04aaefe973d42b13759dd0c734a995a3e1330cf4c0e4c1428c76549acfb
Pipelined bitonic adaptation,8,8,8,32,distinct,0.25,0.00390625,0.00390625,0.0009765625,1000,1000,961,961,0.961,0.9471306895804986,0.9713410390958196,0,240000,35269,107,0,0,"[20260930, 8, 8, 8, 32, 0, 2, 1]",132dc04aaefe973d42b13759dd0c734a995a3e1330cf4c0e4c1428c76549acfb
Rank adaptation,8,8,8,32,distinct,0.25,0.00390625,0.00390625,0.0009765625,1000,1000,963,963,0.963,0.9494176025179306,0.9730388191244452,0,496000,124362,77,0,0,"[20260930, 8, 8, 8, 32, 0, 2, 2]",132dc04aaefe973d42b13759dd0c734a995a3e1330cf4c0e4c1428c76549acfb
Pipelined bitonic adaptation,8,8,8,32,duplicates_allowed,0.0,0.00390625,0.00390625,0.0,1000,1000,1000,1000,1.0,0.996173241514445,1.0,0,240000,35112,0,0,0,"[20260930, 8, 8, 8, 32, 1, 1, 1]",492f6c7980649ad1b8d8a2d052f5acbdd4898d01a7d3cbc273a295d5b47d38c5
Rank adaptation,8,8,8,32,duplicates_allowed,0.0,0.00390625,0.00390625,0.0,1000,1000,1000,1000,1.0,0.996173241514445,1.0,0,496000,123584,0,0,0,"[20260930, 8, 8, 8, 32, 1, 1, 2]",492f6c7980649ad1b8d8a2d052f5acbdd4898d01a7d3cbc273a295d5b47d38c5
Pipelined bitonic adaptation,8,8,8,32,duplicates_allowed,0.05,0.00390625,0.00390625,0.0001953125,1000,1000,1000,1000,1.0,0.996173241514445,1.0,0,240000,35112,0,0,0,"[20260930, 8, 8, 8, 32, 1, 2, 1]",492f6c7980649ad1b8d8a2d052f5acbdd4898d01a7d3cbc273a295d5b47d38c5
Rank adaptation,8,8,8,32,duplicates_allowed,0.05,0.00390625,0.00390625,0.0001953125,1000,1000,1000,1000,1.0,0.996173241514445,1.0,0,496000,123584,0,0,0,"[20260930, 8, 8, 8, 32, 1, 2, 2]",492f6c7980649ad1b8d8a2d052f5acbdd4898d01a7d3cbc273a295d5b47d38c5
Pipelined bitonic adaptation,8,8,8,32,duplicates_allowed,0.1,0.00390625,0.00390625,0.000390625,1000,1000,1000,1000,1.0,0.996173241514445,1.0,0,240000,35112,0,0,0,"[20260930, 8, 8, 8, 32, 1, 2, 1]",492f6c7980649ad1b8d8a2d052f5acbdd4898d01a7d3cbc273a295d5b47d38c5
Rank adaptation,8,8,8,32,duplicates_allowed,0.1,0.00390625,0.00390625,0.000390625,1000,1000,1000,1000,1.0,0.996173241514445,1.0,0,496000,123584,0,0,0,"[20260930, 8, 8, 8, 32, 1, 2, 2]",492f6c7980649ad1b8d8a2d052f5acbdd4898d01a7d3cbc273a295d5b47d38c5
Pipelined bitonic adaptation,8,8,8,32,duplicates_allowed,0.15,0.00390625,0.00390625,0.0005859375,1000,1000,999,999,0.999,0.9943574414020421,0.9998234536293739,0,240000,35112,3,0,2,"[20260930, 8, 8, 8, 32, 1, 2, 1]",492f6c7980649ad1b8d8a2d052f5acbdd4898d01a7d3cbc273a295d5b47d38c5
Rank adaptation,8,8,8,32,duplicates_allowed,0.15,0.00390625,0.00390625,0.0005859375,1000,1000,998,998,0.998,0.9927371921365079,0.9994513564118793,0,496000,123583,4,0,1,"[20260930, 8, 8, 8, 32, 1, 2, 2]",492f6c7980649ad1b8d8a2d052f5acbdd4898d01a7d3cbc273a295d5b47d38c5
Pipelined bitonic adaptation,8,8,8,32,duplicates_allowed,0.2,0.00390625,0.00390625,0.00078125,1000,1000,984,974,0.984,0.97416793978826,0.9901277579977227,0,240000,35116,32,0,35,"[20260930, 8, 8, 8, 32, 1, 2, 1]",492f6c7980649ad1b8d8a2d052f5acbdd4898d01a7d3cbc273a295d5b47d38c5
Rank adaptation,8,8,8,32,duplicates_allowed,0.2,0.00390625,0.00390625,0.00078125,1000,998,987,974,0.987,0.9778855576244203,0.9923871796106489,2,496000,123588,27,0,26,"[20260930, 8, 8, 8, 32, 1, 2, 2]",492f6c7980649ad1b8d8a2d052f5acbdd4898d01a7d3cbc273a295d5b47d38c5
Pipelined bitonic adaptation,8,8,8,32,duplicates_allowed,0.25,0.00390625,0.00390625,0.0009765625,1000,1000,953,911,0.953,0.9380600619184716,0.9644728948936154,0,240000,35115,116,0,124,"[20260930, 8, 8, 8, 32, 1, 2, 1]",492f6c7980649ad1b8d8a2d052f5acbdd4898d01a7d3cbc273a295d5b47d38c5
Rank adaptation,8,8,8,32,duplicates_allowed,0.25,0.00390625,0.00390625,0.0009765625,1000,993,940,893,0.94,0.9235289252086434,0.953103527324068,7,496000,123587,103,0,95,"[20260930, 8, 8, 8, 32, 1, 2, 2]",492f6c7980649ad1b8d8a2d052f5acbdd4898d01a7d3cbc273a295d5b47d38c5
Pipelined bitonic adaptation,8,8,8,64,distinct,0.0,0.00390625,0.00390625,0.0,1000,1000,1000,1000,1.0,0.996173241514445,1.0,0,672000,86915,0,0,0,"[20260930, 8, 8, 8, 64, 0, 1, 1]",90c5d739ae5e78ed2cf0c887c827e6ead5826bded9f08ca9626ceea928e8ec55
Rank adaptation,8,8,8,64,distinct,0.0,0.00390625,0.00390625,0.0,1000,1000,1000,1000,1.0,0.996173241514445,1.0,0,2016000,505820,0,0,0,"[20260930, 8, 8, 8, 64, 0, 1, 2]",90c5d739ae5e78ed2cf0c887c827e6ead5826bded9f08ca9626ceea928e8ec55
Pipelined bitonic adaptation,8,8,8,64,distinct,0.05,0.00390625,0.00390625,0.0001953125,1000,1000,1000,1000,1.0,0.996173241514445,1.0,0,672000,86915,0,0,0,"[20260930, 8, 8, 8, 64, 0, 2, 1]",90c5d739ae5e78ed2cf0c887c827e6ead5826bded9f08ca9626ceea928e8ec55
Rank adaptation,8,8,8,64,distinct,0.05,0.00390625,0.00390625,0.0001953125,1000,1000,1000,1000,1.0,0.996173241514445,1.0,0,2016000,505820,0,0,0,"[20260930, 8, 8, 8, 64, 0, 2, 2]",90c5d739ae5e78ed2cf0c887c827e6ead5826bded9f08ca9626ceea928e8ec55
Pipelined bitonic adaptation,8,8,8,64,distinct,0.1,0.00390625,0.00390625,0.000390625,1000,1000,1000,1000,1.0,0.996173241514445,1.0,0,672000,86915,0,0,0,"[20260930, 8, 8, 8, 64, 0, 2, 1]",90c5d739ae5e78ed2cf0c887c827e6ead5826bded9f08ca9626ceea928e8ec55
Rank adaptation,8,8,8,64,distinct,0.1,0.00390625,0.00390625,0.000390625,1000,1000,1000,1000,1.0,0.996173241514445,1.0,0,2016000,505820,0,0,0,"[20260930, 8, 8, 8, 64, 0, 2, 2]",90c5d739ae5e78ed2cf0c887c827e6ead5826bded9f08ca9626ceea928e8ec55
Pipelined bitonic adaptation,8,8,8,64,distinct,0.15,0.00390625,0.00390625,0.0005859375,1000,1000,998,998,0.998,0.9927371921365079,0.9994513564118793,0,672000,86915,9,0,0,"[20260930, 8, 8, 8, 64, 0, 2, 1]",90c5d739ae5e78ed2cf0c887c827e6ead5826bded9f08ca9626ceea928e8ec55
Rank adaptation,8,8,8,64,distinct,0.15,0.00390625,0.00390625,0.0005859375,1000,1000,997,997,0.997,0.9912169859464969,0.9989792161188614,0,2016000,505823,4,0,0,"[20260930, 8, 8, 8, 64, 0, 2, 2]",90c5d739ae5e78ed2cf0c887c827e6ead5826bded9f08ca9626ceea928e8ec55
Pipelined bitonic adaptation,8,8,8,64,distinct,0.2,0.00390625,0.00390625,0.00078125,1000,1000,953,953,0.953,0.9380600619184716,0.9644728948936154,0,672000,86917,162,0,0,"[20260930, 8, 8, 8, 64, 0, 2, 1]",90c5d739ae5e78ed2cf0c887c827e6ead5826bded9f08ca9626ceea928e8ec55
Rank adaptation,8,8,8,64,distinct,0.2,0.00390625,0.00390625,0.00078125,1000,1000,950,950,0.95,0.9346861797557492,0.9618697376072513,0,2016000,505823,87,0,0,"[20260930, 8, 8, 8, 64, 0, 2, 2]",90c5d739ae5e78ed2cf0c887c827e6ead5826bded9f08ca9626ceea928e8ec55
Pipelined bitonic adaptation,8,8,8,64,distinct,0.25,0.00390625,0.00390625,0.0009765625,1000,1000,840,840,0.84,0.8159830663133126,0.8614147379165099,0,672000,86914,542,0,0,"[20260930, 8, 8, 8, 64, 0, 2, 1]",90c5d739ae5e78ed2cf0c887c827e6ead5826bded9f08ca9626ceea928e8ec55
Rank adaptation,8,8,8,64,distinct,0.25,0.00390625,0.00390625,0.0009765625,1000,999,843,843,0.843,0.8191441706597944,0.8642306730191147,1,2016000,505838,355,0,0,"[20260930, 8, 8, 8, 64, 0, 2, 2]",90c5d739ae5e78ed2cf0c887c827e6ead5826bded9f08ca9626ceea928e8ec55
Pipelined bitonic adaptation,8,8,8,64,duplicates_allowed,0.0,0.00390625,0.00390625,0.0,1000,1000,1000,1000,1.0,0.996173241514445,1.0,0,672000,86843,0,0,0,"[20260930, 8, 8, 8, 64, 1, 1, 1]",c5d141dc59a2da3598e55ef66b1073d41b4bf7eee18182f2acbb673fceb86816
Rank adaptation,8,8,8,64,duplicates_allowed,0.0,0.00390625,0.00390625,0.0,1000,1000,1000,1000,1.0,0.996173241514445,1.0,0,2016000,504306,0,0,0,"[20260930, 8, 8, 8, 64, 1, 1, 2]",c5d141dc59a2da3598e55ef66b1073d41b4bf7eee18182f2acbb673fceb86816
Pipelined bitonic adaptation,8,8,8,64,duplicates_allowed,0.05,0.00390625,0.00390625,0.0001953125,1000,1000,1000,1000,1.0,0.996173241514445,1.0,0,672000,86843,0,0,0,"[20260930, 8, 8, 8, 64, 1, 2, 1]",c5d141dc59a2da3598e55ef66b1073d41b4bf7eee18182f2acbb673fceb86816
Rank adaptation,8,8,8,64,duplicates_allowed,0.05,0.00390625,0.00390625,0.0001953125,1000,1000,1000,1000,1.0,0.996173241514445,1.0,0,2016000,504306,0,0,0,"[20260930, 8, 8, 8, 64, 1, 2, 2]",c5d141dc59a2da3598e55ef66b1073d41b4bf7eee18182f2acbb673fceb86816
Pipelined bitonic adaptation,8,8,8,64,duplicates_allowed,0.1,0.00390625,0.00390625,0.000390625,1000,1000,1000,1000,1.0,0.996173241514445,1.0,0,672000,86843,0,0,0,"[20260930, 8, 8, 8, 64, 1, 2, 1]",c5d141dc59a2da3598e55ef66b1073d41b4bf7eee18182f2acbb673fceb86816
Rank adaptation,8,8,8,64,duplicates_allowed,0.1,0.00390625,0.00390625,0.000390625,1000,1000,1000,1000,1.0,0.996173241514445,1.0,0,2016000,504306,0,0,0,"[20260930, 8, 8, 8, 64, 1, 2, 2]",c5d141dc59a2da3598e55ef66b1073d41b4bf7eee18182f2acbb673fceb86816
Pipelined bitonic adaptation,8,8,8,64,duplicates_allowed,0.15,0.00390625,0.00390625,0.0005859375,1000,1000,997,993,0.997,0.9912169859464969,0.9989792161188614,0,672000,86841,13,0,12,"[20260930, 8, 8, 8, 64, 1, 2, 1]",c5d141dc59a2da3598e55ef66b1073d41b4bf7eee18182f2acbb673fceb86816
Rank adaptation,8,8,8,64,duplicates_allowed,0.15,0.00390625,0.00390625,0.0005859375,1000,998,994,989,0.994,0.9869718317581478,0.9972473308581237,2,2016000,504306,8,0,8,"[20260930, 8, 8, 8, 64, 1, 2, 2]",c5d141dc59a2da3598e55ef66b1073d41b4bf7eee18182f2acbb673fceb86816
Pipelined bitonic adaptation,8,8,8,64,duplicates_allowed,0.2,0.00390625,0.00390625,0.00078125,1000,1000,949,903,0.949,0.9335645136552383,0.9609990572247332,0,672000,86835,144,0,166,"[20260930, 8, 8, 8, 64, 1, 2, 1]",c5d141dc59a2da3598e55ef66b1073d41b4bf7eee18182f2acbb673fceb86816
Rank adaptation,8,8,8,64,duplicates_allowed,0.2,0.00390625,0.00390625,0.00078125,1000,990,948,908,0.948,0.93244426068072,0.9601269637162226,10,2016000,504316,100,0,88,"[20260930, 8, 8, 8, 64, 1, 2, 2]",c5d141dc59a2da3598e55ef66b1073d41b4bf7eee18182f2acbb673fceb86816
Pipelined bitonic adaptation,8,8,8,64,duplicates_allowed,0.25,0.00390625,0.00390625,0.0009765625,1000,1000,843,703,0.843,0.8191441706597944,0.8642306730191147,0,672000,86832,487,0,553,"[20260930, 8, 8, 8, 64, 1, 2, 1]",c5d141dc59a2da3598e55ef66b1073d41b4bf7eee18182f2acbb673fceb86816
Rank adaptation,8,8,8,64,duplicates_allowed,0.25,0.00390625,0.00390625,0.0009765625,1000,961,828,712,0.828,0.8033660485432,0.8501235978902758,39,2016000,504321,354,0,347,"[20260930, 8, 8, 8, 64, 1, 2, 2]",c5d141dc59a2da3598e55ef66b1073d41b4bf7eee18182f2acbb673fceb86816
Pipelined bitonic adaptation,8,8,8,128,distinct,0.0,0.00390625,0.00390625,0.0,1000,1000,1000,1000,1.0,0.996173241514445,1.0,0,1792000,206018,0,0,0,"[20260930, 8, 8, 8, 128, 0, 1, 1]",dda190398b034bc90f33ac9a5508ea690e606a401fa7abe007a6f0e4ef8a45b8
Rank adaptation,8,8,8,128,distinct,0.0,0.00390625,0.00390625,0.0,1000,1000,1000,1000,1.0,0.996173241514445,1.0,0,8128000,2037182,0,0,0,"[20260930, 8, 8, 8, 128, 0, 1, 2]",dda190398b034bc90f33ac9a5508ea690e606a401fa7abe007a6f0e4ef8a45b8
Pipelined bitonic adaptation,8,8,8,128,distinct,0.05,0.00390625,0.00390625,0.0001953125,1000,1000,1000,1000,1.0,0.996173241514445,1.0,0,1792000,206018,0,0,0,"[20260930, 8, 8, 8, 128, 0, 2, 1]",dda190398b034bc90f33ac9a5508ea690e606a401fa7abe007a6f0e4ef8a45b8
Rank adaptation,8,8,8,128,distinct,0.05,0.00390625,0.00390625,0.0001953125,1000,1000,1000,1000,1.0,0.996173241514445,1.0,0,8128000,2037182,0,0,0,"[20260930, 8, 8, 8, 128, 0, 2, 2]",dda190398b034bc90f33ac9a5508ea690e606a401fa7abe007a6f0e4ef8a45b8
Pipelined bitonic adaptation,8,8,8,128,distinct,0.1,0.00390625,0.00390625,0.000390625,1000,1000,1000,1000,1.0,0.996173241514445,1.0,0,1792000,206018,0,0,0,"[20260930, 8, 8, 8, 128, 0, 2, 1]",dda190398b034bc90f33ac9a5508ea690e606a401fa7abe007a6f0e4ef8a45b8
Rank adaptation,8,8,8,128,distinct,0.1,0.00390625,0.00390625,0.000390625,1000,1000,1000,1000,1.0,0.996173241514445,1.0,0,8128000,2037182,0,0,0,"[20260930, 8, 8, 8, 128, 0, 2, 2]",dda190398b034bc90f33ac9a5508ea690e606a401fa7abe007a6f0e4ef8a45b8
Pipelined bitonic adaptation,8,8,8,128,distinct,0.15,0.00390625,0.00390625,0.0005859375,1000,1000,987,987,0.987,0.9778855576244203,0.9923871796106489,0,1792000,206019,45,0,0,"[20260930, 8, 8, 8, 128, 0, 2, 1]",dda190398b034bc90f33ac9a5508ea690e606a401fa7abe007a6f0e4ef8a45b8
Rank adaptation,8,8,8,128,distinct,0.15,0.00390625,0.00390625,0.0005859375,1000,1000,989,989,0.989,0.9804106042992137,0.9938468259019134,0,8128000,2037190,26,0,0,"[20260930, 8, 8, 8, 128, 0, 2, 2]",dda190398b034bc90f33ac9a5508ea690e606a401fa7abe007a6f0e4ef8a45b8
Pipelined bitonic adaptation,8,8,8,128,distinct,0.2,0.00390625,0.00390625,0.00078125,1000,1000,818,818,0.818,0.7928834388314774,0.8406827427717094,0,1792000,206016,597,0,0,"[20260930, 8, 8, 8, 128, 0, 2, 1]",dda190398b034bc90f33ac9a5508ea690e606a401fa7abe007a6f0e4ef8a45b8
Rank adaptation,8,8,8,128,distinct,0.2,0.00390625,0.00390625,0.00078125,1000,1000,843,843,0.843,0.8191441706597944,0.8642306730191147,0,8128000,2037198,382,0,0,"[20260930, 8, 8, 8, 128, 0, 2, 2]",dda190398b034bc90f33ac9a5508ea690e606a401fa7abe007a6f0e4ef8a45b8
Pipelined bitonic adaptation,8,8,8,128,distinct,0.25,0.00390625,0.00390625,0.0009765625,1000,1000,497,497,0.497,0.4660816352651897,0.5279413252857236,0,1792000,206023,2128,0,0,"[20260930, 8, 8, 8, 128, 0, 2, 1]",dda190398b034bc90f33ac9a5508ea690e606a401fa7abe007a6f0e4ef8a45b8
Rank adaptation,8,8,8,128,distinct,0.25,0.00390625,0.00390625,0.0009765625,1000,996,509,509,0.509,0.47804015149447454,0.5398909668527856,4,8128000,2037177,1442,0,0,"[20260930, 8, 8, 8, 128, 0, 2, 2]",dda190398b034bc90f33ac9a5508ea690e606a401fa7abe007a6f0e4ef8a45b8
Pipelined bitonic adaptation,8,8,8,128,duplicates_allowed,0.0,0.00390625,0.00390625,0.0,1000,1000,1000,1000,1.0,0.996173241514445,1.0,0,1792000,206840,0,0,0,"[20260930, 8, 8, 8, 128, 1, 1, 1]",2666494aa94456437ba445ccc672565bb1365cf772af971d5342261ec38af867
Rank adaptation,8,8,8,128,duplicates_allowed,0.0,0.00390625,0.00390625,0.0,1000,1000,1000,1000,1.0,0.996173241514445,1.0,0,8128000,2031865,0,0,0,"[20260930, 8, 8, 8, 128, 1, 1, 2]",2666494aa94456437ba445ccc672565bb1365cf772af971d5342261ec38af867
Pipelined bitonic adaptation,8,8,8,128,duplicates_allowed,0.05,0.00390625,0.00390625,0.0001953125,1000,1000,1000,1000,1.0,0.996173241514445,1.0,0,1792000,206840,0,0,0,"[20260930, 8, 8, 8, 128, 1, 2, 1]",2666494aa94456437ba445ccc672565bb1365cf772af971d5342261ec38af867
Rank adaptation,8,8,8,128,duplicates_allowed,0.05,0.00390625,0.00390625,0.0001953125,1000,1000,1000,1000,1.0,0.996173241514445,1.0,0,8128000,2031865,0,0,0,"[20260930, 8, 8, 8, 128, 1, 2, 2]",2666494aa94456437ba445ccc672565bb1365cf772af971d5342261ec38af867
Pipelined bitonic adaptation,8,8,8,128,duplicates_allowed,0.1,0.00390625,0.00390625,0.000390625,1000,1000,1000,1000,1.0,0.996173241514445,1.0,0,1792000,206840,0,0,0,"[20260930, 8, 8, 8, 128, 1, 2, 1]",2666494aa94456437ba445ccc672565bb1365cf772af971d5342261ec38af867
Rank adaptation,8,8,8,128,duplicates_allowed,0.1,0.00390625,0.00390625,0.000390625,1000,1000,1000,1000,1.0,0.996173241514445,1.0,0,8128000,2031865,0,0,0,"[20260930, 8, 8, 8, 128, 1, 2, 2]",2666494aa94456437ba445ccc672565bb1365cf772af971d5342261ec38af867
Pipelined bitonic adaptation,8,8,8,128,duplicates_allowed,0.15,0.00390625,0.00390625,0.0005859375,1000,1000,988,975,0.988,0.9791427315245017,0.9931223521935965,0,1792000,206840,34,0,35,"[20260930, 8, 8, 8, 128, 1, 2, 1]",2666494aa94456437ba445ccc672565bb1365cf772af971d5342261ec38af867
Rank adaptation,8,8,8,128,duplicates_allowed,0.15,0.00390625,0.00390625,0.0005859375,1000,995,985,973,0.985,0.9753990230730932,0.9908890211959184,5,8128000,2031859,27,0,21,"[20260930, 8, 8, 8, 128, 1, 2, 2]",2666494aa94456437ba445ccc672565bb1365cf772af971d5342261ec38af867
Pipelined bitonic adaptation,8,8,8,128,duplicates_allowed,0.2,0.00390625,0.00390625,0.00078125,1000,1000,824,680,0.824,0.7991696851594058,0.8463505753419543,0,1792000,206840,535,0,575,"[20260930, 8, 8, 8, 128, 1, 2, 1]",2666494aa94456437ba445ccc672565bb1365cf772af971d5342261ec38af867
Rank adaptation,8,8,8,128,duplicates_allowed,0.2,0.00390625,0.00390625,0.00078125,1000,923,809,680,0.809,0.7834719955714221,0.832163067684505,77,8128000,2031874,384,0,374,"[20260930, 8, 8, 8, 128, 1, 2, 2]",2666494aa94456437ba445ccc672565bb1365cf772af971d5342261ec38af867
Pipelined bitonic adaptation,8,8,8,128,duplicates_allowed,0.25,0.00390625,0.00390625,0.0009765625,1000,1000,534,254,0.534,0.5030108102327143,0.5647289701902679,0,1792000,206837,1834,0,2044,"[20260930, 8, 8, 8, 128, 1, 2, 1]",2666494aa94456437ba445ccc672565bb1365cf772af971d5342261ec38af867
Rank adaptation,8,8,8,128,duplicates_allowed,0.25,0.00390625,0.00390625,0.0009765625,1000,753,478,251,0.478,0.44718362950053253,0.5089847478728319,247,8128000,2031916,1402,0,1409,"[20260930, 8, 8, 8, 128, 1, 2, 2]",2666494aa94456437ba445ccc672565bb1365cf772af971d5342261ec38af867
Pipelined bitonic adaptation,8,8,8,256,distinct,0.0,0.00390625,0.00390625,0.0,1000,1000,1000,1000,1.0,0.996173241514445,1.0,0,4608000,476805,0,0,0,"[20260930, 8, 8, 8, 256, 0, 1, 1]",e5496abcbb81b7476cb9fdf37c0b5d1f352387fbbc5e32084c1e0f7f78dc5c33
Rank adaptation,8,8,8,256,distinct,0.0,0.00390625,0.00390625,0.0,1000,1000,1000,1000,1.0,0.996173241514445,1.0,0,32640000,8192168,0,0,0,"[20260930, 8, 8, 8, 256, 0, 1, 2]",e5496abcbb81b7476cb9fdf37c0b5d1f352387fbbc5e32084c1e0f7f78dc5c33
Pipelined bitonic adaptation,8,8,8,256,distinct,0.05,0.00390625,0.00390625,0.0001953125,1000,1000,1000,1000,1.0,0.996173241514445,1.0,0,4608000,476805,0,0,0,"[20260930, 8, 8, 8, 256, 0, 2, 1]",e5496abcbb81b7476cb9fdf37c0b5d1f352387fbbc5e32084c1e0f7f78dc5c33
Rank adaptation,8,8,8,256,distinct,0.05,0.00390625,0.00390625,0.0001953125,1000,1000,1000,1000,1.0,0.996173241514445,1.0,0,32640000,8192168,0,0,0,"[20260930, 8, 8, 8, 256, 0, 2, 2]",e5496abcbb81b7476cb9fdf37c0b5d1f352387fbbc5e32084c1e0f7f78dc5c33
Pipelined bitonic adaptation,8,8,8,256,distinct,0.1,0.00390625,0.00390625,0.000390625,1000,1000,1000,1000,1.0,0.996173241514445,1.0,0,4608000,476805,0,0,0,"[20260930, 8, 8, 8, 256, 0, 2, 1]",e5496abcbb81b7476cb9fdf37c0b5d1f352387fbbc5e32084c1e0f7f78dc5c33
Rank adaptation,8,8,8,256,distinct,0.1,0.00390625,0.00390625,0.000390625,1000,1000,1000,1000,1.0,0.996173241514445,1.0,0,32640000,8192168,0,0,0,"[20260930, 8, 8, 8, 256, 0, 2, 2]",e5496abcbb81b7476cb9fdf37c0b5d1f352387fbbc5e32084c1e0f7f78dc5c33
Pipelined bitonic adaptation,8,8,8,256,distinct,0.15,0.00390625,0.00390625,0.0005859375,1000,1000,939,939,0.939,0.9224198811757163,0.9522202248739662,0,4608000,476807,173,0,0,"[20260930, 8, 8, 8, 256, 0, 2, 1]",e5496abcbb81b7476cb9fdf37c0b5d1f352387fbbc5e32084c1e0f7f78dc5c33
Rank adaptation,8,8,8,256,distinct,0.15,0.00390625,0.00390625,0.0005859375,1000,1000,961,961,0.961,0.9471306895804986,0.9713410390958196,0,32640000,8192165,101,0,0,"[20260930, 8, 8, 8, 256, 0, 2, 2]",e5496abcbb81b7476cb9fdf37c0b5d1f352387fbbc5e32084c1e0f7f78dc5c33
Pipelined bitonic adaptation,8,8,8,256,distinct,0.2,0.00390625,0.00390625,0.00078125,1000,1000,447,447,0.447,0.4164460077014887,0.4779596286979802,0,4608000,476794,2318,0,0,"[20260930, 8, 8, 8, 256, 0, 2, 1]",e5496abcbb81b7476cb9fdf37c0b5d1f352387fbbc5e32084c1e0f7f78dc5c33
Rank adaptation,8,8,8,256,distinct,0.2,0.00390625,0.00390625,0.00078125,1000,999,454,454,0.454,0.4233763038248614,0.48497575795580966,1,32640000,8192108,1592,0,0,"[20260930, 8, 8, 8, 256, 0, 2, 2]",e5496abcbb81b7476cb9fdf37c0b5d1f352387fbbc5e32084c1e0f7f78dc5c33
Pipelined bitonic adaptation,8,8,8,256,distinct,0.25,0.00390625,0.00390625,0.0009765625,1000,1000,59,59,0.059,0.04601429821280047,0.07536090277145915,0,4608000,476812,8493,0,0,"[20260930, 8, 8, 8, 256, 0, 2, 1]",e5496abcbb81b7476cb9fdf37c0b5d1f352387fbbc5e32084c1e0f7f78dc5c33
Rank adaptation,8,8,8,256,distinct,0.25,0.00390625,0.00390625,0.0009765625,1000,984,40,40,0.04,0.02951097368545276,0.05400964412125796,16,32640000,8192146,5899,0,0,"[20260930, 8, 8, 8, 256, 0, 2, 2]",e5496abcbb81b7476cb9fdf37c0b5d1f352387fbbc5e32084c1e0f7f78dc5c33
Pipelined bitonic adaptation,8,8,8,256,duplicates_allowed,0.0,0.00390625,0.00390625,0.0,1000,1000,1000,1000,1.0,0.996173241514445,1.0,0,4608000,479415,0,0,0,"[20260930, 8, 8, 8, 256, 1, 1, 1]",2b54fefe2ff5995e02730203bc78f46cdfbfb035dbad7e265d2de4a4c682898b
Rank adaptation,8,8,8,256,duplicates_allowed,0.0,0.00390625,0.00390625,0.0,1000,1000,1000,1000,1.0,0.996173241514445,1.0,0,32640000,8150305,0,0,0,"[20260930, 8, 8, 8, 256, 1, 1, 2]",2b54fefe2ff5995e02730203bc78f46cdfbfb035dbad7e265d2de4a4c682898b
Pipelined bitonic adaptation,8,8,8,256,duplicates_allowed,0.05,0.00390625,0.00390625,0.0001953125,1000,1000,1000,1000,1.0,0.996173241514445,1.0,0,4608000,479415,0,0,0,"[20260930, 8, 8, 8, 256, 1, 2, 1]",2b54fefe2ff5995e02730203bc78f46cdfbfb035dbad7e265d2de4a4c682898b
Rank adaptation,8,8,8,256,duplicates_allowed,0.05,0.00390625,0.00390625,0.0001953125,1000,1000,1000,1000,1.0,0.996173241514445,1.0,0,32640000,8150305,0,0,0,"[20260930, 8, 8, 8, 256, 1, 2, 2]",2b54fefe2ff5995e02730203bc78f46cdfbfb035dbad7e265d2de4a4c682898b
Pipelined bitonic adaptation,8,8,8,256,duplicates_allowed,0.1,0.00390625,0.00390625,0.000390625,1000,1000,1000,1000,1.0,0.996173241514445,1.0,0,4608000,479415,0,0,0,"[20260930, 8, 8, 8, 256, 1, 2, 1]",2b54fefe2ff5995e02730203bc78f46cdfbfb035dbad7e265d2de4a4c682898b
Rank adaptation,8,8,8,256,duplicates_allowed,0.1,0.00390625,0.00390625,0.000390625,1000,1000,1000,1000,1.0,0.996173241514445,1.0,0,32640000,8150305,0,0,0,"[20260930, 8, 8, 8, 256, 1, 2, 2]",2b54fefe2ff5995e02730203bc78f46cdfbfb035dbad7e265d2de4a4c682898b
Pipelined bitonic adaptation,8,8,8,256,duplicates_allowed,0.15,0.00390625,0.00390625,0.0005859375,1000,1000,955,904,0.955,0.9403171620637766,0.9662004877143683,0,4608000,479412,131,0,140,"[20260930, 8, 8, 8, 256, 1, 2, 1]",2b54fefe2ff5995e02730203bc78f46cdfbfb035dbad7e265d2de4a4c682898b
Rank adaptation,8,8,8,256,duplicates_allowed,0.15,0.00390625,0.00390625,0.0005859375,1000,976,947,907,0.947,0.9313253831625082,0.9592534947514054,24,32640000,8150309,94,0,103,"[20260930, 8, 8, 8, 256, 1, 2, 2]",2b54fefe2ff5995e02730203bc78f46cdfbfb035dbad7e265d2de4a4c682898b
Pipelined bitonic adaptation,8,8,8,256,duplicates_allowed,0.2,0.00390625,0.00390625,0.00078125,1000,1000,548,237,0.548,0.5170282252037207,0.5786044059816661,0,4608000,479406,1727,0,2106,"[20260930, 8, 8, 8, 256, 1, 2, 1]",2b54fefe2ff5995e02730203bc78f46cdfbfb035dbad7e265d2de4a4c682898b
Rank adaptation,8,8,8,256,duplicates_allowed,0.2,0.00390625,0.00390625,0.00078125,1000,580,383,213,0.383,0.3533727313696084,0.41352273011601154,420,32640000,8150321,1563,0,1565,"[20260930, 8, 8, 8, 256, 1, 2, 2]",2b54fefe2ff5995e02730203bc78f46cdfbfb035dbad7e265d2de4a4c682898b
Pipelined bitonic adaptation,8,8,8,256,duplicates_allowed,0.25,0.00390625,0.00390625,0.0009765625,1000,1000,104,5,0.104,0.08657102809826807,0.12445976462229157,0,4608000,479436,6528,0,7758,"[20260930, 8, 8, 8, 256, 1, 2, 1]",2b54fefe2ff5995e02730203bc78f46cdfbfb035dbad7e265d2de4a4c682898b
Rank adaptation,8,8,8,256,duplicates_allowed,0.25,0.00390625,0.00390625,0.0009765625,1000,137,31,6,0.031,0.02192400344715857,0.04366549601229214,863,32640000,8150234,5793,0,5826,"[20260930, 8, 8, 8, 256, 1, 2, 2]",2b54fefe2ff5995e02730203bc78f46cdfbfb035dbad7e265d2de4a4c682898b
